INCIDENT_DATE,INCIDENT_NUMBER,LOCATION_DISTRICT,OFFENSE_CODE,OFFENSE_DESCRIPTION,WEAPON_TYPE,INCIDENT_LOCATION,CITY,STATE,ZIP,LATITUDE,LONGITUDE,Location 1
12/27/2020 06:15:00 AM,2020-149004,81.0,09A,MURDER & NONNEGLIGENT MANSLAUGHTER,UNKNOWN,6904  GEYER SPRINGS RD,LITTLE ROCK,AR,72209,34.687178,-92.343892,"(34.687178, -92.343892)"
12/27/2020 01:07:00 PM,2020-149037,61.0,09A,MURDER & NONNEGLIGENT MANSLAUGHTER,FIREARM,8425 LABETTE DR,LITTLE ROCK,AR,72204,34.736054,-92.369063,"(34.736054, -92.369063)"
12/27/2017 05:09:00 AM,2017-162054,62.0,09A,MURDER & NONNEGLIGENT MANSLAUGHTER,HANDGUN,8101 W 41ST ST,LITTLE ROCK,AR,72204,34.715985,-92.365575,"(34.715985, -92.365575)"
12/26/2020 08:33:00 PM,2020-148942,62.0,09A,MURDER & NONNEGLIGENT MANSLAUGHTER,FIREARM,10921 MARA LYNN RD,LITTLE ROCK,AR,72211,,,
12/26/2020 03:58:00 PM,2020-148867,61.0,09A,MURDER & NONNEGLIGENT MANSLAUGHTER,FIREARM,2723 LONGCOY ST,LITTLE ROCK,AR,72204,34.728054,-92.371453,"(34.728054, -92.371453)"
12/26/2018 08:00:00 PM,2018-163851,93.0,09A,MURDER & NONNEGLIGENT MANSLAUGHTER,FIREARM,25 PAR DR,LITTLE ROCK,AR,72210,34.672562,-92.429127,"(34.672562, -92.429127)"
12/26/2018 08:00:00 PM,2018-163851,93.0,09A,MURDER & NONNEGLIGENT MANSLAUGHTER,FIREARM,25 PAR DR,LITTLE ROCK,AR,72210,34.672562,-92.429127,"(34.672562, -92.429127)"
12/26/2017 09:30:00 PM,2017-161958,71.0,09A,MURDER & NONNEGLIGENT MANSLAUGHTER,MOTOR VEHICLE,13000 CHENAL PKWY,LITTLE ROCK,AR,72211,34.754644,-92.417489,"(34.754644, -92.417489)"
12/23/2020 12:36:00 AM,2020-148100,93.0,09A,MURDER & NONNEGLIGENT MANSLAUGHTER,FIREARM,4115 LUDWIG ST,LITTLE ROCK,AR,72204,34.720909,-92.371679,"(34.720909, -92.371679)"
12/20/2021 05:03:00 PM,2021-155184,54.0,09A,MURDER & NONNEGLIGENT MANSLAUGHTER,BLUNT OBJECT,3014 ADAMS ST,LITTLE ROCK,AR,72204,34.723004,-92.325389,"(34.723004, -92.325389)"
12/19/2021 11:47:00 PM,2021-154862,63.0,09A,MURDER & NONNEGLIGENT MANSLAUGHTER,FIREARM,3600 JOHN BARROW RD,LITTLE ROCK,AR,72205,34.744435,-92.381358,"(34.744435, -92.381358)"
12/19/2021 11:47:00 PM,2021-154862,63.0,09A,MURDER & NONNEGLIGENT MANSLAUGHTER,FIREARM,3600 JOHN BARROW RD,LITTLE ROCK,AR,72205,34.744435,-92.381358,"(34.744435, -92.381358)"
12/19/2018 08:30:00 PM,2018-160757,52.0,09A,MURDER & NONNEGLIGENT MANSLAUGHTER,BLUNT OBJECT,2017 DENNISON ST,LITTLE ROCK,AR,72202,34.730048,-92.299614,"(34.730048, -92.299614)"
12/14/2019 08:25:00 AM,2019-154734,91.0,09A,MURDER & NONNEGLIGENT MANSLAUGHTER,FIREARM,5416 BRUSH CREEK AVE,LITTLE ROCK,AR,72206,34.627588,-92.342277,"(34.627588, -92.342277)"
12/13/2021 06:15:00 PM,2021-152160,55.0,09A,MURDER & NONNEGLIGENT MANSLAUGHTER,FIREARM,1102 S WOODROW ST,LITTLE ROCK,AR,72204,34.740616,-92.305986,"(34.740616, -92.305986)"
12/10/2021 04:42:00 PM,2021-150879,83.0,09A,MURDER & NONNEGLIGENT MANSLAUGHTER,HANDGUN,3412 PINE CONE DR,LITTLE ROCK,AR,72209,34.662381,-92.31774,"(34.662381, -92.31774)"
12/09/2020 07:45:00 PM,2020-143971,64.0,09A,MURDER & NONNEGLIGENT MANSLAUGHTER,RIFLE,1640 JOHN BARROW RD,LITTLE ROCK,AR,72204,34.738505,-92.373476,"(34.738505, -92.373476)"
12/08/2020 10:04:00 PM,2020-143569,54.0,09A,MURDER & NONNEGLIGENT MANSLAUGHTER,FIREARM,4616 W 31ST ST,LITTLE ROCK,AR,72204,34.72371,-92.325994,"(34.72371, -92.325994)"
12/04/2017 06:00:00 PM,2017-152712,81.0,09A,MURDER & NONNEGLIGENT MANSLAUGHTER,UNKNOWN,6600 LANCASTER RD,LITTLE ROCK,AR,72209,34.689018,-92.33416,"(34.689018, -92.33416)"
12/04/2017 06:00:00 PM,2017-152712,81.0,09A,MURDER & NONNEGLIGENT MANSLAUGHTER,UNKNOWN,6600 LANCASTER RD,LITTLE ROCK,AR,72209,34.689018,-92.33416,"(34.689018, -92.33416)"
12/04/2017 06:00:00 PM,2017-152712,81.0,09A,MURDER & NONNEGLIGENT MANSLAUGHTER,UNKNOWN,6600 LANCASTER RD,LITTLE ROCK,AR,72209,34.689018,-92.33416,"(34.689018, -92.33416)"
11/30/2018 09:05:00 PM,2018-152351,52.0,09A,MURDER & NONNEGLIGENT MANSLAUGHTER,FIREARM,2117 W CHARLES BUSSEY AVE,LITTLE ROCK,AR,72202,34.730503,-92.297007,"(34.730503, -92.297007)"
11/30/2018 02:00:00 AM,2018-151972,54.0,09A,MURDER & NONNEGLIGENT MANSLAUGHTER,HANDGUN,2119 FAIR PARK,LITTLE ROCK,AR,72205,34.73215,-92.33488,"(34.73215, -92.33488)"
11/27/2017 02:50:00 AM,2017-148930,93.0,09A,MURDER & NONNEGLIGENT MANSLAUGHTER,FIREARM,12109 STAGECOACH RD,LITTLE ROCK,AR,72210,34.647,-92.440269,"(34.647, -92.440269)"
11/26/2018 06:37:00 PM,2018-150416,42.0,09A,MURDER & NONNEGLIGENT MANSLAUGHTER,HANDGUN,1225 GEYER ST,LITTLE ROCK,AR,72202,34.735428,-92.256081,"(34.735428, -92.256081)"
11/23/2020 06:08:00 PM,2020-137549,91.0,09A,MURDER & NONNEGLIGENT MANSLAUGHTER,FIREARM,7604 EAGLE DR,LITTLE ROCK,AR,72209,34.667742,-92.363171,"(34.667742, -92.363171)"
11/21/2021 12:04:00 AM,2021-142797,93.0,09A,MURDER & NONNEGLIGENT MANSLAUGHTER,FIREARM,4700 S UNIVERSITY AVE,LITTLE ROCK,AR,72204,34.708342,-92.344977,"(34.708342, -92.344977)"
11/18/2021 04:02:00 PM,2021-141828,41.0,09A,MURDER & NONNEGLIGENT MANSLAUGHTER,KNIFE/CUTTING INSTRUMENT,3000  SPRINGER BLVD,LITTLE ROCK,AR,72206,34.719576,-92.259415,"(34.719576, -92.259415)"
11/18/2018 08:47:00 AM,2018-146862,90.0,09A,MURDER & NONNEGLIGENT MANSLAUGHTER,FIREARM,7417 LORETTO LN,LITTLE ROCK,AR,72209,34.685651,-92.36509,"(34.685651, -92.36509)"
11/18/2017 03:20:00 AM,2017-145391,54.0,09A,MURDER & NONNEGLIGENT MANSLAUGHTER,KNIFE/CUTTING INSTRUMENT,4113 ASHER,LITTLE ROCK,AR,72204,34.725093,-92.320115,"(34.725093, -92.320115)"
11/16/2021 08:46:00 PM,2021-141059,83.0,09A,MURDER & NONNEGLIGENT MANSLAUGHTER,FIREARM,10015  REPUBLIC LN,LITTLE ROCK,AR,72209,34.658174,-92.341322,"(34.658174, -92.341322)"
11/16/2021 03:44:00 PM,2021-140933,82.0,09A,MURDER & NONNEGLIGENT MANSLAUGHTER,FIREARM,5500 DREHER LN,LITTLE ROCK,AR,72209,34.675425,-92.338969,"(34.675425, -92.338969)"
11/16/2018 10:41:00 PM,2018-146270,54.0,09A,MURDER & NONNEGLIGENT MANSLAUGHTER,FIREARM,4405 W 14TH ST,LITTLE ROCK,AR,72204,34.73879,-92.322851,"(34.73879, -92.322851)"
11/16/2018 10:41:00 PM,2018-146270,54.0,09A,MURDER & NONNEGLIGENT MANSLAUGHTER,FIREARM,4405 W 14TH ST,LITTLE ROCK,AR,72204,34.73879,-92.322851,"(34.73879, -92.322851)"
11/16/2018 10:41:00 PM,2018-146270,54.0,09A,MURDER & NONNEGLIGENT MANSLAUGHTER,FIREARM,4405 W 14TH ST,LITTLE ROCK,AR,72204,34.73879,-92.322851,"(34.73879, -92.322851)"
11/16/2018 03:00:00 AM,2018-145885,53.0,09A,MURDER & NONNEGLIGENT MANSLAUGHTER,FIREARM,3109 W 17TH ST,LITTLE ROCK,AR,72204,34.735506,-92.308546,"(34.735506, -92.308546)"
11/12/2019 10:48:00 AM,2019-141199,64.0,09A,MURDER & NONNEGLIGENT MANSLAUGHTER,FIREARM,2313 NICHOLS RD,LITTLE ROCK,AR,72205,34.732329,-92.386839,"(34.732329, -92.386839)"
11/12/2019 10:48:00 AM,2019-141199,64.0,09A,MURDER & NONNEGLIGENT MANSLAUGHTER,FIREARM,2313 NICHOLS RD,LITTLE ROCK,AR,72205,34.732329,-92.386839,"(34.732329, -92.386839)"
11/09/2019 02:13:00 AM,2019-140009,80.0,09A,MURDER & NONNEGLIGENT MANSLAUGHTER,HANDGUN,5103 ASHER AVE,LITTLE ROCK,AR,72204,34.719654,-92.332694,"(34.719654, -92.332694)"
11/08/2019 01:56:00 PM,2019-139755,80.0,09A,MURDER & NONNEGLIGENT MANSLAUGHTER,FIREARM,5201 GEYER SPRINGS RD,LITTLE ROCK,AR,72209,34.702537,-92.342534,"(34.702537, -92.342534)"
11/06/2021 01:53:00 PM,2021-136669,55.0,09A,MURDER & NONNEGLIGENT MANSLAUGHTER,FIREARM,3404 W 10TH ST,LITTLE ROCK,AR,72205,34.742221,-92.311281,"(34.742221, -92.311281)"
11/03/2018 01:22:00 PM,2018-140396,81.0,09A,MURDER & NONNEGLIGENT MANSLAUGHTER,FIREARM,8515 DREHER LN,LITTLE ROCK,AR,72209,34.672387,-92.335315,"(34.672387, -92.335315)"
11/02/2018 02:23:00 PM,2018-139977,81.0,09A,MURDER & NONNEGLIGENT MANSLAUGHTER,HANDGUN,7316 SUNFLOWER DR,LITTLE ROCK,AR,72209,34.671395,-92.359421,"(34.671395, -92.359421)"
11/01/2020 10:40:00 AM,2020-128036,81.0,09A,MURDER & NONNEGLIGENT MANSLAUGHTER,FIREARM,7515 GEYER SPRINGS RD,LITTLE ROCK,AR,72209,34.681323,-92.342216,"(34.681323, -92.342216)"
10/30/2020 06:30:00 PM,2020-127270,82.0,09A,MURDER & NONNEGLIGENT MANSLAUGHTER,HANDGUN,3808 ARAPAHO TRL,LITTLE ROCK,AR,72209,34.661197,-92.322239,"(34.661197, -92.322239)"
10/26/2021 10:04:00 PM,2021-132261,80.0,09A,MURDER & NONNEGLIGENT MANSLAUGHTER,FIREARM,5103 ASHER AVE,LITTLE ROCK,AR,72204,34.72055,-92.330585,"(34.72055, -92.330585)"
10/25/2017 01:06:00 AM,2017-134229,81.0,09A,MURDER & NONNEGLIGENT MANSLAUGHTER,FIREARM,5001 W 65TH ST,LITTLE ROCK,AR,72209,34.6903,-92.331863,"(34.6903, -92.331863)"
10/24/2017 01:48:00 AM,2017-133791,53.0,09A,MURDER & NONNEGLIGENT MANSLAUGHTER,HANDGUN,1622 S WOODROW ST,LITTLE ROCK,AR,72204,34.735457,-92.305935,"(34.735457, -92.305935)"
10/22/2020 08:59:00 AM,2020-123688,91.0,09A,MURDER & NONNEGLIGENT MANSLAUGHTER,UNKNOWN,8621  BASELINE RD,LITTLE ROCK,AR,72209,34.669792,-92.374349,"(34.669792, -92.374349)"
10/21/2020 06:54:00 PM,2020-123505,91.0,09A,MURDER & NONNEGLIGENT MANSLAUGHTER,RIFLE,12822 QUAIL CREEK RD,LITTLE ROCK,AR,72206,34.63267,-92.344811,"(34.63267, -92.344811)"
10/18/2017 10:35:00 PM,2017-131229,62.0,09A,MURDER & NONNEGLIGENT MANSLAUGHTER,HANDGUN,6200 COLONEL GLENN RD,LITTLE ROCK,AR,72204,34.717686,-92.342552,"(34.717686, -92.342552)"
10/12/2018 01:00:00 AM,2018-130609,91.0,09A,MURDER & NONNEGLIGENT MANSLAUGHTER,HANDGUN,6201 MABELVALE CUT OFF RD,LITTLE ROCK,AR,72209,34.653992,-92.347444,"(34.653992, -92.347444)"
10/10/2021 04:59:00 PM,2021-124765,83.0,09A,MURDER & NONNEGLIGENT MANSLAUGHTER,FIREARM,9101 AUXOR RD,LITTLE ROCK,AR,72206,34.666645,-92.31464,"(34.666645, -92.31464)"
10/10/2017 10:45:00 PM,2017-127384,63.0,09A,MURDER & NONNEGLIGENT MANSLAUGHTER,FIREARM,2123 LABETTE MANOR DR,LITTLE ROCK,AR,72205,34.73339,-92.375578,"(34.73339, -92.375578)"
10/05/2021 05:06:00 PM,2021-122427,93.0,09A,MURDER & NONNEGLIGENT MANSLAUGHTER,FIREARM,3600 JOHN BARROW RD,LITTLE ROCK,AR,72204,34.720743,-92.373021,"(34.720743, -92.373021)"
10/01/2020 01:34:00 PM,2020-114448,82.0,09A,MURDER & NONNEGLIGENT MANSLAUGHTER,FIREARM,5204 STANLEY DR,LITTLE ROCK,AR,72209,34.665742,-92.337119,"(34.665742, -92.337119)"
09/26/2019 06:16:00 PM,2019-121350,83.0,09A,MURDER & NONNEGLIGENT MANSLAUGHTER,HANDGUN,5812 PALO ALTO DR,LITTLE ROCK,AR,72209,34.657687,-92.343191,"(34.657687, -92.343191)"
09/24/2020 10:46:00 PM,2020-111372,41.0,09A,MURDER & NONNEGLIGENT MANSLAUGHTER,HANDGUN,2015 S LOUISIANA ST B,LITTLE ROCK,AR,72206,34.729161,-92.274724,"(34.729161, -92.274724)"
09/23/2020 02:58:00 AM,2020-110650,54.0,09A,MURDER & NONNEGLIGENT MANSLAUGHTER,KNIFE/CUTTING INSTRUMENT,4218 W 12TH ST,LITTLE ROCK,AR,72204,34.741013,-92.320406,"(34.741013, -92.320406)"
09/23/2019 06:10:00 PM,2019-120012,93.0,09A,MURDER & NONNEGLIGENT MANSLAUGHTER,HANDGUN,23 FALCON CT,LITTLE ROCK,AR,72210,34.679335,-92.430586,"(34.679335, -92.430586)"
09/21/2021 11:37:00 AM,2021-115812,52.0,09A,MURDER & NONNEGLIGENT MANSLAUGHTER,HANDGUN,1222 W 33RD ST,LITTLE ROCK,AR,72206,34.716774,-92.28922,"(34.716774, -92.28922)"
09/21/2020 11:41:00 PM,2020-110256,62.0,09A,MURDER & NONNEGLIGENT MANSLAUGHTER,FIREARM,1912 GREEN MOUNTAIN DR,LITTLE ROCK,AR,72212,34.770305,-92.405372,"(34.770305, -92.405372)"
09/20/2020 06:59:00 PM,2020-109708,81.0,09A,MURDER & NONNEGLIGENT MANSLAUGHTER,HANDGUN,6809  DAHLIA DR,LITTLE ROCK,AR,72209,34.67263,-92.353165,"(34.67263, -92.353165)"
09/19/2019 06:45:00 PM,2019-118262,82.0,09A,MURDER & NONNEGLIGENT MANSLAUGHTER,FIREARM,5224 STANLEY DR,LITTLE ROCK,AR,72205,34.665417,-92.338545,"(34.665417, -92.338545)"
09/17/2019 11:43:00 PM,2019-117419,62.0,09A,MURDER & NONNEGLIGENT MANSLAUGHTER,FIREARM,7000 BURTON DR,LITTLE ROCK,AR,72204,34.726097,-92.353211,"(34.726097, -92.353211)"
09/16/2018 03:30:00 PM,2018-118346,62.0,09A,MURDER & NONNEGLIGENT MANSLAUGHTER,HANDGUN,8518 WESTWOOD AVE,LITTLE ROCK,AR,72204,34.705685,-92.370931,"(34.705685, -92.370931)"
09/16/2018 03:30:00 PM,2018-118346,62.0,09A,MURDER & NONNEGLIGENT MANSLAUGHTER,HANDGUN,8518 WESTWOOD AVE,LITTLE ROCK,AR,72204,34.705685,-92.370931,"(34.705685, -92.370931)"
09/15/2021 03:24:00 PM,2021-113137,63.0,09A,MURDER & NONNEGLIGENT MANSLAUGHTER,HANDGUN,1801 NICHOLS RD,LITTLE ROCK,AR,72205,34.737288,-92.38663,"(34.737288, -92.38663)"
09/15/2021 03:24:00 PM,2021-113137,63.0,09A,MURDER & NONNEGLIGENT MANSLAUGHTER,HANDGUN,1801 NICHOLS RD,LITTLE ROCK,AR,72205,34.737288,-92.38663,"(34.737288, -92.38663)"
09/15/2019 02:34:00 AM,2019-116183,80.0,09A,MURDER & NONNEGLIGENT MANSLAUGHTER,HANDGUN,5103 ASHER AVE,LITTLE ROCK,AR,72204,34.720544,-92.330579,"(34.720544, -92.330579)"
09/14/2021 01:06:00 AM,2021-112454,61.0,09A,MURDER & NONNEGLIGENT MANSLAUGHTER,HANDGUN,1922 MICHAEL DR,LITTLE ROCK,AR,72205,34.740287,-92.372303,"(34.740287, -92.372303)"
09/13/2021 03:20:00 PM,2021-112238,50.0,09A,MURDER & NONNEGLIGENT MANSLAUGHTER,FIREARM,2100 REBSAMEN PARK RD,LITTLE ROCK,AR,72202,34.769604,-92.313155,"(34.769604, -92.313155)"
09/07/2019 11:53:00 PM,2019-112923,90.0,09A,MURDER & NONNEGLIGENT MANSLAUGHTER,KNIFE/CUTTING INSTRUMENT,10200 INTERSTATE 30,LITTLE ROCK,AR,72209,34.67123,-92.379738,"(34.67123, -92.379738)"
09/06/2021 08:21:00 PM,2021-109031,61.0,09A,MURDER & NONNEGLIGENT MANSLAUGHTER,FIREARM,6310 COLONEL GLENN RD,LITTLE ROCK,AR,72204,34.718758,-92.345399,"(34.718758, -92.345399)"
09/03/2021 11:33:00 PM,2021-107832,54.0,09A,MURDER & NONNEGLIGENT MANSLAUGHTER,RIFLE,3212  LEEDS ST,LITTLE ROCK,AR,72204,34.722046,-92.329309,"(34.722046, -92.329309)"
09/03/2019 09:08:00 PM,2019-110986,51.0,09A,MURDER & NONNEGLIGENT MANSLAUGHTER,HANDGUN,600 W 13TH ST,LITTLE ROCK,AR,72202,34.737152,-92.278653,"(34.737152, -92.278653)"
09/03/2018 08:08:00 AM,2018-111869,63.0,09A,MURDER & NONNEGLIGENT MANSLAUGHTER,UNKNOWN,3 OLD FORGE CT,LITTLE ROCK,AR,72227,34.772673,-92.377646,"(34.772673, -92.377646)"
08/30/2019 06:29:00 PM,2019-109192,52.0,09A,MURDER & NONNEGLIGENT MANSLAUGHTER,FIREARM,1910 S PULASKI ST,LITTLE ROCK,AR,72206,34.730484,-92.288376,"(34.730484, -92.288376)"
08/29/2021 08:33:00 AM,2021-104991,42.0,09A,MURDER & NONNEGLIGENT MANSLAUGHTER,FIREARM,2500 E 12TH ST,LITTLE ROCK,AR,72206,34.735395,-92.248275,"(34.735395, -92.248275)"
08/29/2020 11:13:00 PM,2020-099971,64.0,09A,MURDER & NONNEGLIGENT MANSLAUGHTER,HANDGUN,10  SHACKLEFORD DR,LITTLE ROCK,AR,72211,34.754647,-92.396299,"(34.754647, -92.396299)"
08/29/2019 04:30:00 PM,2019-108681,62.0,09A,MURDER & NONNEGLIGENT MANSLAUGHTER,HANDGUN,3412 S UNIVERSITY AVE,LITTLE ROCK,AR,72204,34.720898,-92.342538,"(34.720898, -92.342538)"
08/27/2021 02:00:00 AM,2021-103919,54.0,09A,MURDER & NONNEGLIGENT MANSLAUGHTER,FIREARM,4408 W 28TH ST,LITTLE ROCK,AR,72204,34.72628,-92.323415,"(34.72628, -92.323415)"
08/27/2019 09:48:00 AM,2019-107561,62.0,09A,MURDER & NONNEGLIGENT MANSLAUGHTER,HANDGUN,8017 W 35TH ST,LITTLE ROCK,AR,72204,34.721261,-92.365211,"(34.721261, -92.365211)"
08/24/2020 02:03:00 AM,2020-097335,52.0,09A,MURDER & NONNEGLIGENT MANSLAUGHTER,KNIFE/CUTTING INSTRUMENT,2200 S GAINES ST,LITTLE ROCK,AR,72206,34.72745,-92.280867,"(34.72745, -92.280867)"
08/24/2018 12:30:00 AM,2018-106944,54.0,09A,MURDER & NONNEGLIGENT MANSLAUGHTER,HANDGUN,4608 PRINCETON DR,LITTLE ROCK,AR,72204,34.735905,-92.325669,"(34.735905, -92.325669)"
08/22/2020 01:21:00 AM,2020-096466,54.0,09A,MURDER & NONNEGLIGENT MANSLAUGHTER,UNKNOWN,4400 W 12TH ST,LITTLE ROCK,AR,72204,34.74073,-92.322465,"(34.74073, -92.322465)"
08/20/2017 01:00:00 AM,2017-102660,64.0,09A,MURDER & NONNEGLIGENT MANSLAUGHTER,UNKNOWN,11305 BIRCHWOOD DR,LITTLE ROCK,AR,72211,34.750947,-92.399905,"(34.750947, -92.399905)"
08/20/2017 01:00:00 AM,2017-102660,64.0,09A,MURDER & NONNEGLIGENT MANSLAUGHTER,UNKNOWN,11305 BIRCHWOOD DR,LITTLE ROCK,AR,72211,34.750947,-92.399905,"(34.750947, -92.399905)"
08/16/2021 07:28:00 PM,2021-098972,53.0,09A,MURDER & NONNEGLIGENT MANSLAUGHTER,HANDGUN,3519 W 18TH ST,LITTLE ROCK,AR,72204,34.734628,-92.313594,"(34.734628, -92.313594)"
08/16/2019 02:32:00 AM,2019-102489,54.0,09A,MURDER & NONNEGLIGENT MANSLAUGHTER,HANDGUN,5020 W 31ST ST,LITTLE ROCK,AR,72204,34.724003,-92.330784,"(34.724003, -92.330784)"
08/14/2021 07:45:00 PM,2021-098065,63.0,09A,MURDER & NONNEGLIGENT MANSLAUGHTER,FIREARM,9209  LABETTE DR,LITTLE ROCK,AR,72204,34.735796,-92.376972,"(34.735796, -92.376972)"
08/14/2018 02:30:00 PM,2018-102361,81.0,09A,MURDER & NONNEGLIGENT MANSLAUGHTER,FIREARM,5901 DREHER LN,LITTLE ROCK,AR,72209,34.675447,-92.340852,"(34.675447, -92.340852)"
08/14/2017 12:00:00 AM,2017-099605,41.0,09A,MURDER & NONNEGLIGENT MANSLAUGHTER,FIREARM,2800 BLK I-30 FRONTATGE RD.,LITTLE ROCK,AR,72209,,,
08/14/2017 03:20:00 PM,2017-099750,80.0,09A,MURDER & NONNEGLIGENT MANSLAUGHTER,HANDGUN,5601 ASHER AVE,LITTLE ROCK,AR,72204,34.718803,-92.335831,"(34.718803, -92.335831)"
08/13/2017 02:55:00 AM,2017-099159,41.0,09A,MURDER & NONNEGLIGENT MANSLAUGHTER,HANDGUN,3101 MAIN ST,LITTLE ROCK,AR,72206,34.718807,-92.274391,"(34.718807, -92.274391)"
08/12/2017 02:00:00 PM,2017-098973,52.0,09A,MURDER & NONNEGLIGENT MANSLAUGHTER,BLUNT OBJECT,524 W 24TH ST,LITTLE ROCK,AR,72206,34.725678,-92.279094,"(34.725678, -92.279094)"
08/06/2017 04:35:00 AM,2017-095907,52.0,09A,MURDER & NONNEGLIGENT MANSLAUGHTER,HANDGUN,2115 HOWARD ST,LITTLE ROCK,AR,72202,34.729076,-92.298572,"(34.729076, -92.298572)"
08/02/2017 06:23:00 AM,2017-093994,90.0,09A,MURDER & NONNEGLIGENT MANSLAUGHTER,UNKNOWN,5800 STAGECOACH RD,LITTLE ROCK,AR,72204,34.695738,-92.388646,"(34.695738, -92.388646)"
07/31/2021 01:21:00 AM,2021-090974,71.0,09A,MURDER & NONNEGLIGENT MANSLAUGHTER,FIREARM,13500 CHENAL PKY,LITTLE ROCK,AR,72211,34.756205,-92.425093,"(34.756205, -92.425093)"
07/29/2018 12:00:00 AM,2018-096071,64.0,09A,MURDER & NONNEGLIGENT MANSLAUGHTER,KNIFE/CUTTING INSTRUMENT,9900 KENSINGTON DR,LITTLE ROCK,AR,72204,34.727673,-92.384445,"(34.727673, -92.384445)"
07/29/2017 10:30:00 PM,2017-092554,81.0,09A,MURDER & NONNEGLIGENT MANSLAUGHTER,HANDGUN,5300 BASELINE RD,LITTLE ROCK,AR,72209,34.668816,-92.336563,"(34.668816, -92.336563)"
07/28/2017 11:04:00 PM,2017-092107,70.0,09A,MURDER & NONNEGLIGENT MANSLAUGHTER,HANDGUN,1601 N SHACKLEFORD RD,LITTLE ROCK,AR,72211,34.767624,-92.395836,"(34.767624, -92.395836)"
07/27/2017 07:10:00 PM,2017-091540,62.0,09A,MURDER & NONNEGLIGENT MANSLAUGHTER,HANDGUN,6200 COLONEL GLENN RD,LITTLE ROCK,AR,72204,34.717686,-92.342552,"(34.717686, -92.342552)"
07/25/2021 01:10:00 AM,2021-088060,61.0,09A,MURDER & NONNEGLIGENT MANSLAUGHTER,MOTOR VEHICLE,1401 JOHN BARROW RD,LITTLE ROCK,AR,72204,34.739988,-92.371979,"(34.739988, -92.371979)"
07/24/2017 09:40:00 PM,2017-090202,91.0,09A,MURDER & NONNEGLIGENT MANSLAUGHTER,HANDGUN,10424 STARDUST TRL,LITTLE ROCK,AR,72209,34.655218,-92.369208,"(34.655218, -92.369208)"
07/24/2017 09:30:00 PM,2017-090206,71.0,09A,MURDER & NONNEGLIGENT MANSLAUGHTER,FIREARM,1502 GREEN MOUNTAIN DR,LITTLE ROCK,AR,72211,34.766082,-92.403385,"(34.766082, -92.403385)"
07/21/2021 04:09:00 PM,2021-086410,42.0,09A,MURDER & NONNEGLIGENT MANSLAUGHTER,UNKNOWN,3201 BANKHEAD DR,LITTLE ROCK,AR,72204,34.714268,-92.222145,"(34.714268, -92.222145)"
07/20/2020 05:22:00 PM,2020-081664,61.0,09A,MURDER & NONNEGLIGENT MANSLAUGHTER,FIREARM,6800 COLONEL GLENN RD,LITTLE ROCK,AR,72205,34.75039,-92.339235,"(34.75039, -92.339235)"
07/18/2021 09:12:00 PM,2021-085137,91.0,09A,MURDER & NONNEGLIGENT MANSLAUGHTER,FIREARM,10001  MABELVALE PLAZA DR,LITTLE ROCK,AR,72209,34.669077,-92.378737,"(34.669077, -92.378737)"
07/18/2020 10:10:00 PM,2020-080873,61.0,09A,MURDER & NONNEGLIGENT MANSLAUGHTER,"PERSONAL WEAPONS (HANDS, FISTS, ETC)",1111 S HUGHES ST,LITTLE ROCK,AR,72204,34.742247,-92.349537,"(34.742247, -92.349537)"
07/17/2021 03:59:00 PM,2021-084616,60.0,09A,MURDER & NONNEGLIGENT MANSLAUGHTER,HANDGUN,9120 N RODNEY PARHAM RD,LITTLE ROCK,AR,72227,34.759296,-92.37602,"(34.759296, -92.37602)"
07/17/2017 11:20:00 PM,2017-087054,54.0,09A,MURDER & NONNEGLIGENT MANSLAUGHTER,FIREARM,4800 W 14TH ST,LITTLE ROCK,AR,72204,34.739158,-92.330376,"(34.739158, -92.330376)"
07/16/2021 05:30:00 PM,2021-084176,92.0,09A,MURDER & NONNEGLIGENT MANSLAUGHTER,HANDGUN,10900 BASS PRO PKY,LITTLE ROCK,AR,72210,34.663759,-92.406593,"(34.663759, -92.406593)"
07/11/2019 12:01:00 AM,2019-086190,54.0,09A,MURDER & NONNEGLIGENT MANSLAUGHTER,FIREARM,4200 W 11TH ST,LITTLE ROCK,AR,72204,34.741546,-92.320075,"(34.741546, -92.320075)"
07/11/2017 09:00:00 AM,2017-084271,81.0,09A,MURDER & NONNEGLIGENT MANSLAUGHTER,FIREARM,8701 INTERSTATE 30,LITTLE ROCK,AR,72209,34.678997,-92.347123,"(34.678997, -92.347123)"
07/08/2021 02:52:00 PM,2021-080190,62.0,09A,MURDER & NONNEGLIGENT MANSLAUGHTER,FIREARM,1502  GREEN MOUNTAIN DR,LITTLE ROCK,AR,72211,34.767188,-92.404383,"(34.767188, -92.404383)"
07/08/2019 10:42:00 AM,2019-084771,53.0,09A,MURDER & NONNEGLIGENT MANSLAUGHTER,BLUNT OBJECT,1501 S ELM ST,LITTLE ROCK,AR,72204,34.737676,-92.318904,"(34.737676, -92.318904)"
07/08/2017 05:30:00 AM,2017-082599,93.0,09A,MURDER & NONNEGLIGENT MANSLAUGHTER,FIREARM,35 NANDINA CIR,LITTLE ROCK,AR,72210,34.652782,-92.430746,"(34.652782, -92.430746)"
07/07/2018 10:45:00 PM,2018-084278,54.0,09A,MURDER & NONNEGLIGENT MANSLAUGHTER,FIREARM,1321 JEFFERSON ST,LITTLE ROCK,AR,72204,34.741217,-92.326065,"(34.741217, -92.326065)"
07/05/2019 10:50:00 PM,2019-083790,54.0,09A,MURDER & NONNEGLIGENT MANSLAUGHTER,KNIFE/CUTTING INSTRUMENT,4201 W 13TH ST,LITTLE ROCK,AR,72204,34.739448,-92.320371,"(34.739448, -92.320371)"
07/03/2021 12:01:00 AM,2021-077330,82.0,09A,MURDER & NONNEGLIGENT MANSLAUGHTER,FIREARM,7501 INTERSTATE 30,LITTLE ROCK,AR,72209,34.67772,-92.32143,"(34.67772, -92.32143)"
07/02/2017 08:00:00 AM,2017-079464,90.0,09A,MURDER & NONNEGLIGENT MANSLAUGHTER,OTHER,46 WESTMONT CIR,LITTLE ROCK,AR,72209,34.696347,-92.352776,"(34.696347, -92.352776)"
07/02/2017 03:20:00 AM,2017-079422,54.0,09A,MURDER & NONNEGLIGENT MANSLAUGHTER,HANDGUN,1600 S ELM ST,LITTLE ROCK,AR,72204,34.736919,-92.319168,"(34.736919, -92.319168)"
07/01/2021 06:18:00 PM,2021-076572,62.0,09A,MURDER & NONNEGLIGENT MANSLAUGHTER,FIREARM,10200 N RODNEY PARHAM RD,LITTLE ROCK,AR,72227,34.766907,-92.387244,"(34.766907, -92.387244)"
06/28/2020 11:29:00 PM,2020-071351,52.0,09A,MURDER & NONNEGLIGENT MANSLAUGHTER,UNKNOWN,2409  HOWARD ST,LITTLE ROCK,AR,72206,34.7265,-92.298503,"(34.7265, -92.298503)"
06/25/2020 12:50:00 AM,2020-069466,82.0,09A,MURDER & NONNEGLIGENT MANSLAUGHTER,HANDGUN,9311 STILLMAN DR,LITTLE ROCK,AR,72209,,,
06/20/2020 12:55:00 PM,2020-067392,72.0,09A,MURDER & NONNEGLIGENT MANSLAUGHTER,RIFLE,19116  SUMMERSHADE DR,LITTLE ROCK,AR,72223,34.776252,-92.48276,"(34.776252, -92.48276)"
06/20/2020 12:25:00 AM,2020-067223,54.0,09A,MURDER & NONNEGLIGENT MANSLAUGHTER,FIREARM,4726 ASHER AVE,LITTLE ROCK,AR,72204,34.722806,-92.326859,"(34.722806, -92.326859)"
06/19/2021 12:20:00 AM,2021-070229,61.0,09A,MURDER & NONNEGLIGENT MANSLAUGHTER,FIREARM,6310  COLONEL GLENN RD,LITTLE ROCK,AR,72204,34.718758,-92.345399,"(34.718758, -92.345399)"
06/16/2021 08:57:00 PM,2021-069177,,09A,MURDER & NONNEGLIGENT MANSLAUGHTER,FIREARM,4023 RANGEL RD,LITTLE ROCK,AR,72206,,,
06/15/2020 11:22:00 PM,2020-065550,64.0,09A,MURDER & NONNEGLIGENT MANSLAUGHTER,HANDGUN,1600 JOHN BARROW RD,LITTLE ROCK,AR,72204,34.720913,-92.380237,"(34.720913, -92.380237)"
06/14/2021 06:39:00 PM,2021-068244,53.0,09A,MURDER & NONNEGLIGENT MANSLAUGHTER,FIREARM,3201 W ROOSEVELT RD,LITTLE ROCK,AR,72204,34.723478,-92.31017,"(34.723478, -92.31017)"
06/13/2019 02:00:00 PM,2019-072596,54.0,09A,MURDER & NONNEGLIGENT MANSLAUGHTER,FIREARM,4616 PRINCETON DR,LITTLE ROCK,AR,72204,34.736326,-92.325895,"(34.736326, -92.325895)"
06/13/2019 02:00:00 PM,2019-072596,54.0,09A,MURDER & NONNEGLIGENT MANSLAUGHTER,FIREARM,4616 PRINCETON DR,LITTLE ROCK,AR,72204,34.736326,-92.325895,"(34.736326, -92.325895)"
06/13/2019 02:00:00 PM,2019-072596,54.0,09A,MURDER & NONNEGLIGENT MANSLAUGHTER,FIREARM,4616 PRINCETON DR,LITTLE ROCK,AR,72204,34.736326,-92.325895,"(34.736326, -92.325895)"
06/09/2019 01:56:00 AM,2019-070616,81.0,09A,MURDER & NONNEGLIGENT MANSLAUGHTER,FIREARM,5300 BASELINE RD,LITTLE ROCK,AR,72209,34.670112,-92.337504,"(34.670112, -92.337504)"
06/09/2018 07:50:00 PM,2018-070276,81.0,09A,MURDER & NONNEGLIGENT MANSLAUGHTER,KNIFE/CUTTING INSTRUMENT,8706 STANTON RD,LITTLE ROCK,AR,72209,34.67021,-92.333218,"(34.67021, -92.333218)"
06/08/2018 07:48:00 PM,2018-069868,52.0,09A,MURDER & NONNEGLIGENT MANSLAUGHTER,HANDGUN,2718 S ARCH ST,LITTLE ROCK,AR,72206,34.721705,-92.280239,"(34.721705, -92.280239)"
06/05/2020 07:19:00 PM,2020-061525,62.0,09A,MURDER & NONNEGLIGENT MANSLAUGHTER,FIREARM,1500 N SHACKLEFORD RD,LITTLE ROCK,AR,72211,34.76855,-92.396913,"(34.76855, -92.396913)"
06/05/2020 06:19:00 PM,2020-061502,51.0,09A,MURDER & NONNEGLIGENT MANSLAUGHTER,FIREARM,1200 W 2ND ST,LITTLE ROCK,AR,72201,34.748906,-92.283614,"(34.748906, -92.283614)"
06/03/2021 09:22:00 PM,2021-062844,82.0,09A,MURDER & NONNEGLIGENT MANSLAUGHTER,HANDGUN,5924  BASELINE RD,LITTLE ROCK,AR,72209,34.669154,-92.344349,"(34.669154, -92.344349)"
06/02/2020 08:59:00 PM,2020-060295,60.0,09A,MURDER & NONNEGLIGENT MANSLAUGHTER,FIREARM,6404  CANTRELL RD,LITTLE ROCK,AR,72207,34.768744,-92.344696,"(34.768744, -92.344696)"
05/29/2020 04:19:00 PM,2020-058336,52.0,09A,MURDER & NONNEGLIGENT MANSLAUGHTER,KNIFE/CUTTING INSTRUMENT,2517 DR MARTIN LUTHER KING DR,LITTLE ROCK,AR,72206,34.72413,-92.289483,"(34.72413, -92.289483)"
05/28/2021 09:21:00 PM,2021-059956,52.0,09A,MURDER & NONNEGLIGENT MANSLAUGHTER,RIFLE,2400  MARSHALL ST,LITTLE ROCK,AR,72206,34.726215,-92.291991,"(34.726215, -92.291991)"
05/28/2021 06:32:00 PM,2021-059899,42.0,09A,MURDER & NONNEGLIGENT MANSLAUGHTER,FIREARM,1008  COLLEGE ST,LITTLE ROCK,AR,72202,34.737656,-92.258685,"(34.737656, -92.258685)"
05/27/2017 09:40:00 AM,2017-062564,81.0,09A,MURDER & NONNEGLIGENT MANSLAUGHTER,UNKNOWN,8510 SCOTT HAMILTON DR,LITTLE ROCK,AR,72209,34.67104,-92.317818,"(34.67104, -92.317818)"
05/27/2017 03:31:00 AM,2017-062484,54.0,09A,MURDER & NONNEGLIGENT MANSLAUGHTER,HANDGUN,4200 ASHER AVE,LITTLE ROCK,AR,72205,34.745439,-92.381804,"(34.745439, -92.381804)"
05/26/2021 08:06:00 PM,2021-058867,80.0,09A,MURDER & NONNEGLIGENT MANSLAUGHTER,FIREARM,5601 S UNIVERSITY AVE,LITTLE ROCK,AR,72209,34.698662,-92.345025,"(34.698662, -92.345025)"
05/23/2021 08:45:00 PM,2021-057354,82.0,09A,MURDER & NONNEGLIGENT MANSLAUGHTER,FIREARM,2401 W 65TH ST,LITTLE ROCK,AR,72209,34.688184,-92.304128,"(34.688184, -92.304128)"
05/23/2018 06:43:00 PM,2018-062071,62.0,09A,MURDER & NONNEGLIGENT MANSLAUGHTER,UNKNOWN,8522 WESTWOOD,LITTLE ROCK,AR,72202,34.70567,-92.370961,"(34.70567, -92.370961)"
05/21/2020 04:57:00 PM,2020-054782,91.0,09A,MURDER & NONNEGLIGENT MANSLAUGHTER,FIREARM,10204 MILKYWAY DR,LITTLE ROCK,AR,72209,34.65769,-92.370437,"(34.65769, -92.370437)"
05/19/2021 10:15:00 PM,2021-055439,53.0,09A,MURDER & NONNEGLIGENT MANSLAUGHTER,KNIFE/CUTTING INSTRUMENT,3108 W 13TH ST,LITTLE ROCK,AR,72204,34.739342,-92.30861,"(34.739342, -92.30861)"
05/15/2017 08:10:00 AM,2017-056473,91.0,09A,MURDER & NONNEGLIGENT MANSLAUGHTER,HANDGUN,11500 CHICOT RD,LITTLE ROCK,AR,72103,34.645877,-92.363563,"(34.645877, -92.363563)"
05/15/2017 08:10:00 AM,2017-056473,91.0,09A,MURDER & NONNEGLIGENT MANSLAUGHTER,HANDGUN,11500 CHICOT RD,LITTLE ROCK,AR,72103,34.645877,-92.363563,"(34.645877, -92.363563)"
05/10/2018 06:34:00 PM,2018-055973,90.0,09A,MURDER & NONNEGLIGENT MANSLAUGHTER,HANDGUN,8608 EDWINA DR,LITTLE ROCK,AR,72209,34.67766,-92.371969,"(34.67766, -92.371969)"
05/08/2018 09:30:00 PM,2018-055048,54.0,09A,MURDER & NONNEGLIGENT MANSLAUGHTER,FIREARM,4204 W 24TH ST,LITTLE ROCK,AR,72204,34.72968,-92.320827,"(34.72968, -92.320827)"
05/08/2017 12:01:00 AM,2017-053092,52.0,09A,MURDER & NONNEGLIGENT MANSLAUGHTER,FIREARM,2510 S ARCH ST,LITTLE ROCK,AR,72206,34.724036,-92.280103,"(34.724036, -92.280103)"
05/08/2017 09:30:00 PM,2017-053425,81.0,09A,MURDER & NONNEGLIGENT MANSLAUGHTER,HANDGUN,8309 STANTON RD,LITTLE ROCK,AR,72209,34.673533,-92.332975,"(34.673533, -92.332975)"
05/05/2019 09:00:00 PM,2019-054413,53.0,09A,MURDER & NONNEGLIGENT MANSLAUGHTER,HANDGUN,3521 MARYLAND AVE,LITTLE ROCK,AR,72204,34.742847,-92.313225,"(34.742847, -92.313225)"
05/04/2017 06:59:00 PM,2017-051369,54.0,09A,MURDER & NONNEGLIGENT MANSLAUGHTER,KNIFE/CUTTING INSTRUMENT,5105 W 29TH ST,LITTLE ROCK,AR,72204,34.725565,-92.331018,"(34.725565, -92.331018)"
05/01/2020 06:08:00 PM,2020-046966,64.0,09A,MURDER & NONNEGLIGENT MANSLAUGHTER,FIREARM,1 KARON CT,LITTLE ROCK,AR,72205,34.736283,-92.378258,"(34.736283, -92.378258)"
04/29/2020 02:34:00 AM,2020-045931,63.0,09A,MURDER & NONNEGLIGENT MANSLAUGHTER,FIREARM,2920 ROMINE RD,LITTLE ROCK,AR,72204,34.726232,-92.382019,"(34.726232, -92.382019)"
04/27/2017 02:45:00 PM,2017-047849,41.0,09A,MURDER & NONNEGLIGENT MANSLAUGHTER,FIREARM,1805 PARK LN,LITTLE ROCK,AR,72206,34.730873,-92.267294,"(34.730873, -92.267294)"
04/26/2017 05:15:00 PM,2017-047453,60.0,09A,MURDER & NONNEGLIGENT MANSLAUGHTER,HANDGUN,6115 W MARKHAM ST,LITTLE ROCK,AR,72205,34.75235,-92.343454,"(34.75235, -92.343454)"
04/25/2021 04:41:00 PM,2021-044031,42.0,09A,MURDER & NONNEGLIGENT MANSLAUGHTER,FIREARM,1900 E 6TH ST,LITTLE ROCK,AR,72202,34.742278,-92.248502,"(34.742278, -92.248502)"
04/23/2021 02:35:00 PM,2021-043154,42.0,09A,MURDER & NONNEGLIGENT MANSLAUGHTER,UNKNOWN,1015 E 10TH ST,LITTLE ROCK,AR,72202,34.737843,-92.25883,"(34.737843, -92.25883)"
04/19/2020 03:05:00 PM,2020-042510,81.0,09A,MURDER & NONNEGLIGENT MANSLAUGHTER,FIREARM,5001 W 65TH ST,LITTLE ROCK,AR,72205,34.689186,-92.332632,"(34.689186, -92.332632)"
04/19/2020 03:05:00 PM,2020-042510,81.0,09A,MURDER & NONNEGLIGENT MANSLAUGHTER,FIREARM,5001 W 65TH ST,LITTLE ROCK,AR,72205,34.689186,-92.332632,"(34.689186, -92.332632)"
04/18/2020 09:45:00 PM,2020-042306,54.0,09A,MURDER & NONNEGLIGENT MANSLAUGHTER,FIREARM,2901 S MONROE ST,LITTLE ROCK,AR,72204,34.725326,-92.328379,"(34.725326, -92.328379)"
04/17/2021 09:29:00 AM,2021-040550,55.0,09A,MURDER & NONNEGLIGENT MANSLAUGHTER,FIREARM,901 FAIR PARK BLVD,LITTLE ROCK,AR,72204,34.74392,-92.333919,"(34.74392, -92.333919)"
04/17/2019 01:15:00 AM,2019-045852,52.0,09A,MURDER & NONNEGLIGENT MANSLAUGHTER,FIREARM,2400 S CROSS ST,LITTLE ROCK,AR,72206,34.725918,-92.287442,"(34.725918, -92.287442)"
04/14/2020 12:29:00 PM,2020-040672,82.0,09A,MURDER & NONNEGLIGENT MANSLAUGHTER,FIREARM,7325 TWIN OAKS RD,LITTLE ROCK,AR,72209,34.662887,-92.360374,"(34.662887, -92.360374)"
04/13/2018 01:47:00 AM,2018-043369,52.0,09A,MURDER & NONNEGLIGENT MANSLAUGHTER,FIREARM,700 W 26TH ST,LITTLE ROCK,AR,72206,34.723562,-92.28133,"(34.723562, -92.28133)"
04/12/2021 06:33:00 AM,2021-038338,53.0,09A,MURDER & NONNEGLIGENT MANSLAUGHTER,UNKNOWN,2710  WRIGHT AV,LITTLE ROCK,AR,72202,34.731416,-92.304725,"(34.731416, -92.304725)"
04/10/2021 12:28:00 AM,2021-037497,54.0,09A,MURDER & NONNEGLIGENT MANSLAUGHTER,FIREARM,4524 ASHER AVE,LITTLE ROCK,AR,72204,34.723444,-92.325269,"(34.723444, -92.325269)"
04/10/2021 05:34:00 PM,2021-037741,92.0,09A,MURDER & NONNEGLIGENT MANSLAUGHTER,HANDGUN,1  BASS PRO DR,LITTLE ROCK,AR,72209,34.658744,-92.409321,"(34.658744, -92.409321)"
04/08/2021 04:23:00 PM,2021-036907,91.0,09A,MURDER & NONNEGLIGENT MANSLAUGHTER,HANDGUN,7700 N CHICOT RD,LITTLE ROCK,AR,72209,34.679417,-92.362297,"(34.679417, -92.362297)"
04/06/2021 10:00:00 PM,2021-036184,61.0,09A,MURDER & NONNEGLIGENT MANSLAUGHTER,FIREARM,6310  COLONEL GLENN RD,LITTLE ROCK,AR,72204,34.718758,-92.345399,"(34.718758, -92.345399)"
04/05/2018 08:23:00 PM,2018-040137,80.0,09A,MURDER & NONNEGLIGENT MANSLAUGHTER,HANDGUN,5301 MABELVALE PIKE,LITTLE ROCK,AR,72209,34.701599,-92.341194,"(34.701599, -92.341194)"
04/03/2020 09:56:00 PM,2020-036902,91.0,09A,MURDER & NONNEGLIGENT MANSLAUGHTER,FIREARM,9008 WOODFORD DR,LITTLE ROCK,AR,72209,34.668573,-92.372142,"(34.668573, -92.372142)"
04/03/2017 09:58:00 PM,2017-036844,82.0,09A,MURDER & NONNEGLIGENT MANSLAUGHTER,RIFLE,4300 BRUNO RD,LITTLE ROCK,AR,72209,34.666853,-92.326445,"(34.666853, -92.326445)"
04/01/2021 03:18:00 PM,2021-033744,93.0,09A,MURDER & NONNEGLIGENT MANSLAUGHTER,HANDGUN,3710  BOYD ST,LITTLE ROCK,AR,72204,34.71937,-92.370076,"(34.71937, -92.370076)"
04/01/2018 05:48:00 PM,2018-038283,90.0,09A,MURDER & NONNEGLIGENT MANSLAUGHTER,FIREARM,11100 DAVID O DODD RD,LITTLE ROCK,AR,72204,34.692541,-92.400047,"(34.692541, -92.400047)"
03/31/2018 08:21:00 PM,2018-037977,62.0,09A,MURDER & NONNEGLIGENT MANSLAUGHTER,FIREARM,6420 COLONEL GLENN RD,LITTLE ROCK,AR,72204,34.718123,-92.348512,"(34.718123, -92.348512)"
03/28/2017 11:42:00 PM,2017-034312,52.0,09A,MURDER & NONNEGLIGENT MANSLAUGHTER,HANDGUN,1314 W 19TH ST,LITTLE ROCK,AR,72206,34.731022,-92.288975,"(34.731022, -92.288975)"
03/27/2020 08:27:00 AM,2020-034076,52.0,09A,MURDER & NONNEGLIGENT MANSLAUGHTER,HANDGUN,2924 SOUTH GAINES STREET,LITTLE ROCK,AR,72206,34.721586,-92.281453,"(34.721586, -92.281453)"
03/27/2018 03:15:00 PM,2018-036146,54.0,09A,MURDER & NONNEGLIGENT MANSLAUGHTER,HANDGUN,2100 S TYLER ST,LITTLE ROCK,AR,72204,34.732815,-92.33371,"(34.732815, -92.33371)"
03/26/2018 06:59:00 AM,2018-035460,93.0,09A,MURDER & NONNEGLIGENT MANSLAUGHTER,UNKNOWN,31 REDLEAF CIR,LITTLE ROCK,AR,72210,34.676143,-92.41804,"(34.676143, -92.41804)"
03/26/2017 07:16:00 PM,2017-033407,52.0,09A,MURDER & NONNEGLIGENT MANSLAUGHTER,HANDGUN,1300 W 21ST ST,LITTLE ROCK,AR,72206,34.729017,-92.288292,"(34.729017, -92.288292)"
03/24/2017 08:30:00 PM,2017-032651,81.0,09A,MURDER & NONNEGLIGENT MANSLAUGHTER,FIREARM,8701 INTERSTATE 30,LITTLE ROCK,AR,72209,34.678997,-92.347123,"(34.678997, -92.347123)"
03/24/2017 08:30:00 PM,2017-032651,81.0,09A,MURDER & NONNEGLIGENT MANSLAUGHTER,FIREARM,8701 INTERSTATE 30,LITTLE ROCK,AR,72209,34.678997,-92.347123,"(34.678997, -92.347123)"
03/19/2018 10:30:00 PM,2018-032331,53.0,09A,MURDER & NONNEGLIGENT MANSLAUGHTER,HANDGUN,2100 S OAK ST,LITTLE ROCK,AR,72204,34.73233,-92.316185,"(34.73233, -92.316185)"
03/19/2018 10:30:00 PM,2018-032331,53.0,09A,MURDER & NONNEGLIGENT MANSLAUGHTER,HANDGUN,2100 S OAK ST,LITTLE ROCK,AR,72204,34.73233,-92.316185,"(34.73233, -92.316185)"
03/19/2017 11:02:00 PM,2017-030586,62.0,09A,MURDER & NONNEGLIGENT MANSLAUGHTER,HANDGUN,6420 COLONEL GLENN RD,LITTLE ROCK,AR,72204,34.718123,-92.348512,"(34.718123, -92.348512)"
03/17/2021 02:10:00 AM,2021-026991,55.0,09A,MURDER & NONNEGLIGENT MANSLAUGHTER,FIREARM,4301 W MARKHAM ST,LITTLE ROCK,AR,72207,34.765631,-92.352774,"(34.765631, -92.352774)"
03/17/2018 12:50:00 AM,2018-031595,61.0,09A,MURDER & NONNEGLIGENT MANSLAUGHTER,FIREARM,3101 BOYLE PARK RD,LITTLE ROCK,AR,72204,34.736751,-92.345195,"(34.736751, -92.345195)"
03/13/2021 03:57:00 PM,2021-025547,61.0,09A,MURDER & NONNEGLIGENT MANSLAUGHTER,FIREARM,3101  BOYLE PARK RD,LITTLE ROCK,AR,72204,34.725121,-92.355771,"(34.725121, -92.355771)"
03/13/2018 12:00:00 AM,2018-029794,52.0,09A,MURDER & NONNEGLIGENT MANSLAUGHTER,FIREARM,900 W 26TH ST,LITTLE ROCK,AR,72206,34.723653,-92.283715,"(34.723653, -92.283715)"
03/12/2021 08:39:00 PM,2021-025204,80.0,09A,MURDER & NONNEGLIGENT MANSLAUGHTER,UNKNOWN,4810 TERRA VISTA CIR,LITTLE ROCK,AR,72202,34.742747,-92.29279,"(34.742747, -92.29279)"
03/12/2019 06:31:00 PM,2019-030796,43.0,09A,MURDER & NONNEGLIGENT MANSLAUGHTER,KNIFE/CUTTING INSTRUMENT,2921 SPRINGER BLVD,LITTLE ROCK,AR,72206,34.720206,-92.258657,"(34.720206, -92.258657)"
03/10/2020 12:55:00 PM,2020-027966,53.0,09A,MURDER & NONNEGLIGENT MANSLAUGHTER,OTHER,1919 BROWN ST,LITTLE ROCK,AR,72204,34.733161,-92.310294,"(34.733161, -92.310294)"
03/07/2017 08:08:00 PM,2017-025944,42.0,09A,MURDER & NONNEGLIGENT MANSLAUGHTER,KNIFE/CUTTING INSTRUMENT,1105 E 8TH ST,LITTLE ROCK,AR,72202,34.740437,-92.258945,"(34.740437, -92.258945)"
03/06/2020 10:51:00 PM,2020-026600,72.0,09A,MURDER & NONNEGLIGENT MANSLAUGHTER,HANDGUN,4218 CARTER LN,LITTLE ROCK,AR,72223,34.793847,-92.451933,"(34.793847, -92.451933)"
03/06/2017 11:41:00 AM,2017-025319,64.0,09A,MURDER & NONNEGLIGENT MANSLAUGHTER,HANDGUN,8800 W 32ND ST,LITTLE ROCK,AR,72204,34.724319,-92.372908,"(34.724319, -92.372908)"
02/28/2021 03:50:00 PM,2021-019801,61.0,09A,MURDER & NONNEGLIGENT MANSLAUGHTER,HANDGUN,8415 W MARKHAM ST,LITTLE ROCK,AR,72205,34.751897,-92.368235,"(34.751897, -92.368235)"
02/28/2018 12:00:00 AM,2018-024553,62.0,09A,MURDER & NONNEGLIGENT MANSLAUGHTER,UNKNOWN,7801 W 29TH ST,LITTLE ROCK,AR,72204,34.726978,-92.361623,"(34.726978, -92.361623)"
02/24/2019 11:38:00 PM,2019-024112,54.0,09A,MURDER & NONNEGLIGENT MANSLAUGHTER,HANDGUN,4123 ASHER AVE,LITTLE ROCK,AR,72204,34.724783,-92.320903,"(34.724783, -92.320903)"
02/23/2021 03:57:00 PM,2021-017728,93.0,09A,MURDER & NONNEGLIGENT MANSLAUGHTER,FIREARM,4223 S SHACKLEFORD RD,LITTLE ROCK,AR,72204,34.728334,-92.397723,"(34.728334, -92.397723)"
02/20/2021 01:51:00 PM,2021-016507,81.0,09A,MURDER & NONNEGLIGENT MANSLAUGHTER,HANDGUN,5201  HALIFAX DR,LITTLE ROCK,AR,72209,34.683325,-92.334792,"(34.683325, -92.334792)"
02/15/2018 07:45:00 PM,2018-019187,93.0,09A,MURDER & NONNEGLIGENT MANSLAUGHTER,FIREARM,5 FALCON CT,LITTLE ROCK,AR,72210,34.680581,-92.431116,"(34.680581, -92.431116)"
02/12/2017 11:05:00 PM,2017-016845,52.0,09A,MURDER & NONNEGLIGENT MANSLAUGHTER,HANDGUN,3000 WOLFE ST,LITTLE ROCK,AR,72206,34.720013,-92.293518,"(34.720013, -92.293518)"
02/10/2021 11:45:00 AM,2021-012864,55.0,09A,MURDER & NONNEGLIGENT MANSLAUGHTER,HANDGUN,2 SAINT VINCENT CIR,LITTLE ROCK,AR,72205,34.750396,-92.339241,"(34.750396, -92.339241)"
02/08/2019 12:30:00 AM,2019-017015,62.0,09A,MURDER & NONNEGLIGENT MANSLAUGHTER,HANDGUN,7317 FAIRWAYS DR,LITTLE ROCK,AR,72204,34.70747,-92.357731,"(34.70747, -92.357731)"
02/08/2017 05:00:00 PM,2017-015137,54.0,09A,MURDER & NONNEGLIGENT MANSLAUGHTER,HANDGUN,4512 W 25TH ST,LITTLE ROCK,AR,72204,34.728929,-92.324501,"(34.728929, -92.324501)"
02/07/2017 11:15:00 PM,2017-014864,93.0,09A,MURDER & NONNEGLIGENT MANSLAUGHTER,HANDGUN,25 PAR DR,LITTLE ROCK,AR,72210,34.672562,-92.429127,"(34.672562, -92.429127)"
01/29/2021 01:46:00 AM,2021-008067,52.0,09A,MURDER & NONNEGLIGENT MANSLAUGHTER,"PERSONAL WEAPONS (HANDS, FISTS, ETC)",1424 WOLFE ST,LITTLE ROCK,AR,72202,34.742747,-92.29279,"(34.742747, -92.29279)"
01/29/2019 06:00:00 PM,2019-012792,64.0,09A,MURDER & NONNEGLIGENT MANSLAUGHTER,HANDGUN,3501 DORSET DR,LITTLE ROCK,AR,72204,34.721993,-92.384846,"(34.721993, -92.384846)"
01/29/2019 06:00:00 PM,2019-012792,64.0,09A,MURDER & NONNEGLIGENT MANSLAUGHTER,HANDGUN,3501 DORSET DR,LITTLE ROCK,AR,72204,34.721993,-92.384846,"(34.721993, -92.384846)"
01/29/2018 12:50:00 AM,2018-011766,43.0,09A,MURDER & NONNEGLIGENT MANSLAUGHTER,HANDGUN,1100 E ROOSEVELT RD,LITTLE ROCK,AR,72206,34.723488,-92.260101,"(34.723488, -92.260101)"
01/28/2022 07:26:00 PM,2022-011113,61.0,09A,MURDER & NONNEGLIGENT MANSLAUGHTER,HANDGUN,900 S UNIVERSITY,LITTLE ROCK,AR,72205,34.746434,-92.34138,"(34.746434, -92.34138)"
01/25/2020 01:30:00 AM,2020-009835,52.0,09A,MURDER & NONNEGLIGENT MANSLAUGHTER,HANDGUN,3112 S RINGO ST,LITTLE ROCK,AR,72206,34.717814,-92.287201,"(34.717814, -92.287201)"
01/25/2020 01:30:00 AM,2020-009835,52.0,09A,MURDER & NONNEGLIGENT MANSLAUGHTER,HANDGUN,3112 S RINGO ST,LITTLE ROCK,AR,72206,34.717814,-92.287201,"(34.717814, -92.287201)"
01/25/2019 09:38:00 AM,2019-010805,41.0,09A,MURDER & NONNEGLIGENT MANSLAUGHTER,KNIFE/CUTTING INSTRUMENT,3019 CENTER ST,LITTLE ROCK,AR,72206,34.719118,-92.276594,"(34.719118, -92.276594)"
01/24/2017 01:10:00 AM,2017-008932,93.0,09A,MURDER & NONNEGLIGENT MANSLAUGHTER,HANDGUN,13415 OTTER CREEK,LITTLE ROCK,AR,72202,34.658295,-92.427037,"(34.658295, -92.427037)"
01/21/2022 11:46:00 PM,2022-008299,53.0,09A,MURDER & NONNEGLIGENT MANSLAUGHTER,HANDGUN,3325 W ROOSEVELT RD,LITTLE ROCK,AR,72204,34.725435,-92.311564,"(34.725435, -92.311564)"
01/21/2022 11:46:00 PM,2022-008299,53.0,09A,MURDER & NONNEGLIGENT MANSLAUGHTER,HANDGUN,3325 W ROOSEVELT RD,LITTLE ROCK,AR,72204,34.725435,-92.311564,"(34.725435, -92.311564)"
01/21/2019 03:30:00 PM,2019-009398,50.0,09A,MURDER & NONNEGLIGENT MANSLAUGHTER,"PERSONAL WEAPONS (HANDS, FISTS, ETC)",5718 WOODLAWN DR,LITTLE ROCK,AR,72205,34.756501,-92.337593,"(34.756501, -92.337593)"
01/21/2018 01:57:00 PM,2018-008507,62.0,09A,MURDER & NONNEGLIGENT MANSLAUGHTER,FIREARM,6902 W 34TH ST,LITTLE ROCK,AR,72204,34.721872,-92.352209,"(34.721872, -92.352209)"
01/20/2021 11:42:00 PM,2021-005464,72.0,09A,MURDER & NONNEGLIGENT MANSLAUGHTER,KNIFE/CUTTING INSTRUMENT,13111 W MARKHAM ST,LITTLE ROCK,AR,72212,34.752734,-92.421613,"(34.752734, -92.421613)"
01/19/2017 07:58:00 PM,2017-018141,51.0,09A,MURDER & NONNEGLIGENT MANSLAUGHTER,UNKNOWN,1 CHILDRENS WAY,LITTLE ROCK,AR,72202,34.74345,-92.289935,"(34.74345, -92.289935)"
01/16/2019 07:31:00 PM,2019-007081,54.0,09A,MURDER & NONNEGLIGENT MANSLAUGHTER,HANDGUN,5202 W 29TH ST,LITTLE ROCK,AR,72204,34.725608,-92.331983,"(34.725608, -92.331983)"
01/15/2019 05:52:00 PM,2019-006578,81.0,09A,MURDER & NONNEGLIGENT MANSLAUGHTER,FIREARM,5420 BASELINE RD,LITTLE ROCK,AR,72209,34.668888,-92.33831,"(34.668888, -92.33831)"
01/14/2022 08:47:00 AM,2022-005215,92.0,09A,MURDER & NONNEGLIGENT MANSLAUGHTER,FIREARM,11  PAR DR,LITTLE ROCK,AR,72210,34.672855,-92.428563,"(34.672855, -92.428563)"
01/14/2021 11:27:00 PM,2021-003476,61.0,09A,MURDER & NONNEGLIGENT MANSLAUGHTER,FIREARM,8818  KANIS RD,LITTLE ROCK,AR,72205,34.740894,-92.371845,"(34.740894, -92.371845)"
01/12/2021 11:35:00 AM,2021-002677,91.0,09A,MURDER & NONNEGLIGENT MANSLAUGHTER,FIREARM,9701  STARDUST TRL,LITTLE ROCK,AR,72209,34.662924,-92.368457,"(34.662924, -92.368457)"
01/08/2022 10:11:00 PM,2022-003166,60.0,09A,MURDER & NONNEGLIGENT MANSLAUGHTER,FIREARM,1401 FLORIDA AVE,LITTLE ROCK,AR,72205,34.749005,-92.320097,"(34.749005, -92.320097)"
01/08/2017 07:32:00 PM,2017-002878,52.0,09A,MURDER & NONNEGLIGENT MANSLAUGHTER,HANDGUN,33RD & MARTIN LUTHER KING,LITTLE ROCK,AR,72206,34.722092,-92.291365,"(34.722092, -92.291365)"
01/05/2020 09:00:00 PM,2020-002175,71.0,09A,MURDER & NONNEGLIGENT MANSLAUGHTER,HANDGUN,15501 CAPITOL HILL BLVD,LITTLE ROCK,AR,72223,34.74001,-92.445784,"(34.74001, -92.445784)"
01/04/2019 10:10:00 AM,2019-001502,52.0,09A,MURDER & NONNEGLIGENT MANSLAUGHTER,RIFLE,1500 W ROOSEVELT RD,LITTLE ROCK,AR,72206,34.725128,-92.289928,"(34.725128, -92.289928)"
01/04/2019 10:10:00 AM,2019-001502,52.0,09A,MURDER & NONNEGLIGENT MANSLAUGHTER,RIFLE,1500 W ROOSEVELT RD,LITTLE ROCK,AR,72206,34.725128,-92.289928,"(34.725128, -92.289928)"
01/03/2022 04:33:00 PM,2022-001245,52.0,09A,MURDER & NONNEGLIGENT MANSLAUGHTER,HANDGUN,2909 S RINGO ST,LITTLE ROCK,AR,72202,34.742747,-92.29279,"(34.742747, -92.29279)"
01/02/2021 04:35:00 PM,2021-000487,61.0,09A,MURDER & NONNEGLIGENT MANSLAUGHTER,UNKNOWN,14  BROADMOOR DR,LITTLE ROCK,AR,72204,34.728155,-92.343539,"(34.728155, -92.343539)"
