Unnamed: 0,Incident,RMSOccurrenceDate,RMSOccurrenceHour,NIBRSClass,NIBRSDescription,OffenseCount,Beat,Premise,StreetNo,StreetName,StreetType,Suffix,City,ZIPCode
225033,160292221,2021-11-30,11,09A,"Murder, non-negligent",1,11H10,"Residence, Home (Includes Apartment)",7255,AVENUE,,,HOUSTON,77011.0
223725,159271921,2021-11-28,1,09A,"Murder, non-negligent",1,22B30,"Bar, Nightclub",179,ALDINE BENDER,RD,,HOUSTON,77060.0
224021,159476221,2021-11-28,16,09A,"Murder, non-negligent",1,18F50,"Residence, Home (Includes Apartment)",7222,BELLERIVE,DR,,HOUSTON,77036.0
223378,159056421,2021-11-27,14,09A,"Murder, non-negligent",1,22B10,"Highway, Road, Street, Alley",17100,TOMBALL,PKWY,,HOUSTON,77064.0
223164,158903021,2021-11-27,3,09A,"Murder, non-negligent",1,24C20,"Residence, Home (Includes Apartment)",2727,BENS BRANCH,DR,,HOUSTON,77339.0
223592,159221321,2021-11-27,21,09A,"Murder, non-negligent",1,20G30,"Parking Lot, Garage",11212,WESTPARK,DR,,HOUSTON,77042.0
223398,159064221,2021-11-27,15,09A,"Murder, non-negligent",1,20G30,"Service, Gas Station",10414,RICHMOND,AVE,,HOUSTON,77042.0
222963,158786621,2021-11-26,20,09A,"Murder, non-negligent",1,18F50,"Highway, Road, Street, Alley",7640,CLAREWOOD,DR,,HOUSTON,77036.0
222896,158743321,2021-11-26,18,09A,"Murder, non-negligent",1,18F20,"Parking Lot, Garage",5133,RICHMOND,AVE,,HOUSTON,77056.0
221168,157554021,2021-11-23,16,09A,"Murder, non-negligent",1,3B50,"Hotel, Motel, ETC",4965,AIRLINE,DR,,HOUSTON,77022.0
219735,156484421,2021-11-21,8,09A,"Murder, non-negligent",1,14D30,"Field, Woods",6034,VASSER,,,HOUSTON,77033.0
219755,156492821,2021-11-21,9,09A,"Murder, non-negligent",1,8C10,"Parking Lot, Garage",9555,CROFTON,ST,,HOUSTON,77016.0
219995,156681021,2021-11-21,19,09A,"Murder, non-negligent",1,14D10,"Parking Lot, Garage",6602,MADRID,ST,,HOUSTON,77021.0
218942,155948421,2021-11-20,2,09A,"Murder, non-negligent",1,12D10,"Highway, Road, Street, Alley",10866,SHANNON MILLS,LN,,HOUSTON,77075.0
218953,155998421,2021-11-20,2,09A,"Murder, non-negligent",1,20G40,"Residence, Home (Includes Apartment)",2020,BENTWORTH,DR,,HOUSTON,77077.0
219431,156305721,2021-11-20,21,09A,"Murder, non-negligent",1,10H40,"Highway, Road, Street, Alley",801,WEBSTER,ST,,HOUSTON,77002.0
218419,155608321,2021-11-19,12,09A,"Murder, non-negligent",1,22B30,"Highway, Road, Street, Alley",11997,GREENSPOINT,DR,,HOUSTON,77060.0
218493,155665321,2021-11-19,14,09A,"Murder, non-negligent",1,8C10,"Parking Lot, Garage",4422,WEAVER,RD,,HOUSTON,77016.0
217715,155046521,2021-11-18,9,09A,"Murder, non-negligent",1,10H50,"Other, Unknown",2898,SCOTT,ST,,HOUSTON,77004.0
215679,153530921,2021-11-15,5,09A,"Murder, non-negligent",1,7C20,"Residence, Home (Includes Apartment)",4016,REID,,,HOUSTON,77026.0
216151,153948621,2021-11-15,21,09A,"Murder, non-negligent",1,20G10,Convenience Store,9834,MEADOWGLEN,LN,,HOUSTON,77042.0
215001,153105821,2021-11-14,2,09A,"Murder, non-negligent",1,12D30,"Parking Lot, Garage",11555,FUQUA,ST,,HOUSTON,77034.0
215529,153459721,2021-11-14,22,09A,"Murder, non-negligent",1,10H40,Convenience Store,3298,FANNIN,ST,,HOUSTON,77004.0
214360,152654621,2021-11-13,1,09A,"Murder, non-negligent",1,18F60,Restaurant,5877,GESSNER,RD,S,HOUSTON,77036.0
214872,153029121,2021-11-13,22,09A,"Murder, non-negligent",1,6B10,"Parking Lot, Garage",444,LITTLE YORK,RD,W,HOUSTON,77037.0
213577,152114721,2021-11-11,22,09A,"Murder, non-negligent",1,16E40,"Highway, Road, Street, Alley",15179,FONDREN,RD,,HOUSTON,77489.0
212261,151235021,2021-11-09,22,09A,"Murder, non-negligent",1,22B10,"Highway, Road, Street, Alley",17398,TOMBALL,PKWY,,HOUSTON,77064.0
210616,150074521,2021-11-07,12,09A,"Murder, non-negligent",1,20G40,"Parking Lot, Garage",11312,WESTHEIMER,RD,,HOUSTON,77077.0
209132,149136821,2021-11-05,10,09A,"Murder, non-negligent",1,19G10,"Residence, Home (Includes Apartment)",10630,BEECHNUT,ST,,HOUSTON,77072.0
208228,148519421,2021-11-04,0,09A,"Murder, non-negligent",1,6B40,"Residence, Home (Includes Apartment)",2108,HAMPTON,ST,,HOUSTON,77088.0
207748,148193821,2021-11-03,10,09A,"Murder, non-negligent",1,10H60,"Service, Gas Station",3901,OLD SPANISH,TRL,,HOUSTON,77021.0
207481,148018121,2021-11-02,21,09A,"Murder, non-negligent",1,9C40,"Highway, Road, Street, Alley",12008,EAST,FWY,,HOUSTON,77029.0
206203,147120321,2021-11-01,2,09A,"Murder, non-negligent",1,2A50,"Highway, Road, Street, Alley",5300,WASHINGTON,AVE,,HOUSTON,77007.0
205734,146832421,2021-10-31,12,09A,"Murder, non-negligent",1,20G70,"Residence, Home (Includes Apartment)",12777,ASHFORD POINT,DR,,HOUSTON,77082.0
205450,146648321,2021-10-31,0,09A,"Murder, non-negligent",1,18F30,"Parking Lot, Garage",6362,WINDSWEPT,LN,,HOUSTON,77057.0
205461,146659421,2021-10-31,0,09A,"Murder, non-negligent",1,7C30,"Residence, Home (Includes Apartment)",1909,SCHILDER,DR,,HOUSTON,77093.0
205979,147005421,2021-10-31,19,09A,"Murder, non-negligent",1,9C40,"Parking Lot, Garage",670,MAXEY,RD,,HOUSTON,77013.0
204746,146639221,2021-10-30,0,09A,"Murder, non-negligent",1,13D20,"Residence, Home (Includes Apartment)",7730,MOLINE,ST,,HOUSTON,77087.0
205229,146533421,2021-10-30,19,09A,"Murder, non-negligent",1,16E40,"Residence, Home (Includes Apartment)",4910,RIDGE HARBOR,DR,,HOUSTON,77053.0
204109,145702521,2021-10-29,6,09A,"Murder, non-negligent",1,18F50,"Highway, Road, Street, Alley",6601,FONDREN,RD,,HOUSTON,77036.0
204655,146113521,2021-10-29,22,09A,"Murder, non-negligent",1,11H20,"Residence, Home (Includes Apartment)",7731,ELVERA,ST,,HOUSTON,77012.0
203911,145600521,2021-10-28,22,09A,"Murder, non-negligent",1,6B20,"Residence, Home (Includes Apartment)",910,GREEN MEADOW,LN,,HOUSTON,77091.0
202696,144670321,2021-10-27,7,09A,"Murder, non-negligent",1,15E40,"Highway, Road, Street, Alley",10301,BUFFALO SPEEDWAY,,,HOUSTON,77054.0
202927,144860921,2021-10-27,14,09A,"Murder, non-negligent",1,7C20,"Highway, Road, Street, Alley",2898,EVELLA,ST,,HOUSTON,77026.0
201197,143630321,2021-10-25,1,09A,"Murder, non-negligent",1,19G10,"Parking Lot, Garage",10908,BISSONNET,ST,,HOUSTON,77099.0
201131,143605221,2021-10-24,23,09A,"Murder, non-negligent",1,5F20,Convenience Store,4000,HOLLISTER,ST,,HOUSTON,77080.0
201099,143581521,2021-10-24,22,09A,"Murder, non-negligent",1,17E30,Convenience Store,8900,BRAESWOOD,BLVD,S,HOUSTON,77074.0
199859,142786821,2021-10-23,2,09A,"Murder, non-negligent",1,2A30,"Residence, Home (Includes Apartment)",1816,BONOVER,ST,,HOUSTON,77007.0
199068,142253021,2021-10-22,0,09A,"Murder, non-negligent",1,11H20,"Residence, Home (Includes Apartment)",7719,MAGNOLIA,ST,E,HOUSTON,77012.0
199673,142696021,2021-10-22,21,09A,"Murder, non-negligent",1,10H40,"Highway, Road, Street, Alley",2200,MILAM,ST,,HOUSTON,77002.0
199633,142682621,2021-10-22,20,09A,"Murder, non-negligent",1,11H30,Park/Playground,8201,BAYOU,DR,N,HOUSTON,77017.0
198942,142195021,2021-10-21,20,09A,"Murder, non-negligent",1,1A20,"Highway, Road, Street, Alley",1500,RUTHVEN,ST,,HOUSTON,77019.0
197555,141214021,2021-10-19,20,09A,"Murder, non-negligent",1,22B40,"Highway, Road, Street, Alley",20898,BIRNAM WOOD,BLVD,,HOUSTON,77338.0
197554,141211921,2021-10-19,20,09A,"Murder, non-negligent",1,12D10,"Highway, Road, Street, Alley",9851,LEDGE,ST,,HOUSTON,77075.0
196703,140537921,2021-10-18,13,09A,"Murder, non-negligent",1,14D10,"Residence, Home (Includes Apartment)",6211,CONLEY,ST,,HOUSTON,77021.0
196742,140577821,2021-10-18,14,09A,"Murder, non-negligent",1,9C40,"Residence, Home (Includes Apartment)",12902,SARAHS,LN,,HOUSTON,77015.0
196082,140109221,2021-10-17,13,09A,"Murder, non-negligent",1,17E40,"Parking Lot, Garage",6425,BANKSIDE,DR,,HOUSTON,77096
195823,139954621,2021-10-17,2,09A,"Murder, non-negligent",1,14D20,"Residence, Home (Includes Apartment)",7402,CALHOUN,RD,,HOUSTON,77033
195765,139922021,2021-10-17,0,09A,"Murder, non-negligent",1,13D10,"Bank, Savings & Loan",2900,WOODRIDGE,DR,,HOUSTON,77087
196120,140132121,2021-10-17,14,09A,"Murder, non-negligent",1,12D10,"Parking Lot, Garage",9953,BESSEMER,ST,,HOUSTON,77034
195179,139470221,2021-10-16,2,09A,"Murder, non-negligent",1,3B40,"Parking Lot, Garage",4479,NORTH,FWY,,HOUSTON,77022
194570,139014821,2021-10-15,8,09A,"Murder, non-negligent",1,13D20,Convenience Store,8320,GULF,FWY,,HOUSTON,77061
193860,138480821,2021-10-14,3,09A,"Murder, non-negligent",1,20G30,"Department, Discount Store",11043,WESTHEIMER,RD,,HOUSTON,77042
192672,137669421,2021-10-12,13,09A,"Murder, non-negligent",1,12D10,"Residence, Home (Includes Apartment)",9240,NATHANIEL,,,HOUSTON,77075
192502,137490821,2021-10-12,6,09A,"Murder, non-negligent",1,4F10,"Highway, Road, Street, Alley",9616,LONG POINT,RD,,HOUSTON,77055
192989,137889221,2021-10-12,21,09A,"Murder, non-negligent",2,6B20,"Residence, Home (Includes Apartment)",300,TIDWELL,RD,W,HOUSTON,77091
191840,137024121,2021-10-11,6,09A,"Murder, non-negligent",2,19G10,"Parking Lot, Garage",10223,CLUB CREEK,DR,,HOUSTON,77036
191529,136828121,2021-10-10,18,09A,"Murder, non-negligent",1,10H50,"Highway, Road, Street, Alley",3000,MCGOWEN,ST,,HOUSTON,77004
190921,136436721,2021-10-09,20,09A,"Murder, non-negligent",1,19G20,"Parking Lot, Garage",11223,SANDSTONE,,,HOUSTON,77072
191025,136500221,2021-10-09,23,09A,"Murder, non-negligent",1,5F10,"Parking Lot, Garage",7523,LONG POINT,RD,,HOUSTON,77055
189922,135741421,2021-10-08,12,09A,"Murder, non-negligent",1,9C20,"Parking Lot, Garage",6914,EAGLE PASS,ST,,HOUSTON,77020
189718,135581021,2021-10-08,2,09A,"Murder, non-negligent",1,14D10,"Residence, Home (Includes Apartment)",6013,SCHROEDER,RD,,HOUSTON,77021
190328,136029421,2021-10-08,23,09A,"Murder, non-negligent",1,12D10,"Highway, Road, Street, Alley",10900,NATHANIEL STREET,,,HOUSTON,77075
188361,134586921,2021-10-06,6,09A,"Murder, non-negligent",1,3B50,"Highway, Road, Street, Alley",806,REID,,,HOUSTON,77022
188713,134900721,2021-10-06,17,09A,"Murder, non-negligent",1,2A20,"Residence, Home (Includes Apartment)",2806,PRINCETON,ST,,HOUSTON,77009
187681,134042321,2021-10-05,4,09A,"Murder, non-negligent",1,20G30,"Other, Unknown",10414,RICHMOND,AVE,,HOUSTON,77042
188164,134471621,2021-10-05,21,09A,"Murder, non-negligent",1,2A30,"Residence, Home (Includes Apartment)",520,OXFORD,ST,,HOUSTON,77007
187285,133758621,2021-10-04,13,09A,"Murder, non-negligent",1,22B10,"Parking Lot, Garage",7311,GREENS,RD,W,HOUSTON,77064
187485,133931521,2021-10-04,20,09A,"Murder, non-negligent",1,18F30,"Parking Lot, Garage",3000,GREENRIDGE,DR,,HOUSTON,77057
186360,133128321,2021-10-03,2,09A,"Murder, non-negligent",1,16E20,"Highway, Road, Street, Alley",4601,OREM,DR,W,HOUSTON,77045
186689,133335321,2021-10-03,16,09A,"Murder, non-negligent",1,13D40,"Highway, Road, Street, Alley",10810,TELEPHONE,RD,,HOUSTON,77075
185680,132682921,2021-10-02,2,09A,"Murder, non-negligent",1,19G40,"Highway, Road, Street, Alley",11100,BISSONNET,ST,,HOUSTON,77099
185015,144877221,2021-10-01,7,09A,"Murder, non-negligent",1,17E10,"Hotel, Motel, ETC",6060,HOOTON,DR,,HOUSTON,77081
184824,132142421,2021-10-01,0,09A,"Murder, non-negligent",1,5F20,"Parking Lot, Garage",8650,PITNER,RD,,HOUSTON,77080
184984,132210821,2021-10-01,6,09A,"Murder, non-negligent",1,6B40,"Highway, Road, Street, Alley",7515,DYER,ST,,HOUSTON,77088
184914,132172721,2021-10-01,2,09A,"Murder, non-negligent",1,22B20,"Parking Lot, Garage",1050,RANKIN,RD,W,HOUSTON,77067
185574,132617921,2021-10-01,23,09A,"Murder, non-negligent",1,12D10,"Highway, Road, Street, Alley",9130,CLEARWOOD,ST,,HOUSTON,77075
185549,132605521,2021-10-01,22,09A,"Murder, non-negligent",3,18F30,"Highway, Road, Street, Alley",6000,FAIRDALE,LN,,HOUSTON,77057
185527,132591221,2021-10-01,21,09A,"Murder, non-negligent",1,14D10,"Service, Gas Station",3354,OLD SPANISH,TRL,,HOUSTON,77021
183660,131313521,2021-09-29,11,09A,"Murder, non-negligent",1,5F10,"Residence, Home (Includes Apartment)",1714,WIRT,RD,,HOUSTON,77055
183097,130893121,2021-09-28,14,09A,"Murder, non-negligent",1,9C40,"Highway, Road, Street, Alley",557,UVALDE,RD,,HOUSTON,77015
182346,130334421,2021-09-27,10,09A,"Murder, non-negligent",1,16E10,Park/Playground,12157,ALMEDA,RD,,HOUSTON,77045
182194,130217021,2021-09-27,2,09A,"Murder, non-negligent",1,10H40,"Highway, Road, Street, Alley",1000,WEBSTER,ST,,HOUSTON,77002
182726,130600421,2021-09-27,21,09A,"Murder, non-negligent",1,14D20,Convenience Store,9635,SCOTT,ST,,HOUSTON,77051
181555,129828121,2021-09-26,3,09A,"Murder, non-negligent",1,14D20,Convenience Store,8210,SCOTT,ST,,HOUSTON,77051
181499,129794021,2021-09-26,2,09A,"Murder, non-negligent",1,19G50,"Hotel, Motel, ETC",11230,SOUTHWEST,FWY,,HOUSTON,77031
181977,130114121,2021-09-26,20,09A,"Murder, non-negligent",1,13D10,"Highway, Road, Street, Alley",6355,GRIGGS,RD,,HOUSTON,77023
181028,129473621,2021-09-25,12,09A,"Murder, non-negligent",1,2A50,"Highway, Road, Street, Alley",1505,WICHMAN,ST,,HOUSTON,77007
178807,127887321,2021-09-22,9,09A,"Murder, non-negligent",1,5F10,"Residence, Home (Includes Apartment)",6533,CORBIN,ST,,HOUSTON,77055
178033,127368521,2021-09-21,8,09A,"Murder, non-negligent",1,14D20,"Field, Woods",3200,BRISBANE,ST,,HOUSTON,77051
178536,127728321,2021-09-21,21,09A,"Murder, non-negligent",1,13D20,"Residence, Home (Includes Apartment)",8801,GLENCREST,ST,,HOUSTON,77061
178421,127676121,2021-09-21,19,09A,"Murder, non-negligent",1,10H60,"Highway, Road, Street, Alley",2901,BLODGETT,ST,,HOUSTON,77004
177435,126917321,2021-09-20,9,09A,"Murder, non-negligent",1,8C30,"Highway, Road, Street, Alley",8800,PARKHURST,DR,,HOUSTON,77028
177379,126875121,2021-09-20,7,09A,"Murder, non-negligent",1,17E30,Park/Playground,11000,S. GESSNER,,,HOUSTON,
177759,127201921,2021-09-20,19,09A,"Murder, non-negligent",1,18F50,"Highway, Road, Street, Alley",8801,WESTPARK,DR,,HOUSTON,77063
177246,126792921,2021-09-19,23,09A,"Murder, non-negligent",1,20G60,"Parking Lot, Garage",801,COUNTRY PLACE,DR,,HOUSTON,77079
176286,126212221,2021-09-18,17,09A,"Murder, non-negligent",1,14D20,"Residence, Home (Includes Apartment)",3710,FAULKNER,ST,,HOUSTON,77021
174460,124925721,2021-09-16,2,09A,"Murder, non-negligent",1,7C30,"Residence, Home (Includes Apartment)",2013,SADLER,,,HOUSTON,77093
173800,124452221,2021-09-15,4,09A,"Murder, non-negligent",1,22B20,"Hotel, Motel, ETC",12500,NORTH,FWY,,HOUSTON,77060
174372,124887821,2021-09-15,23,09A,"Murder, non-negligent",1,12D10,"Residence, Home (Includes Apartment)",10910,GULF,FWY,,HOUSTON,77075
173253,124086321,2021-09-14,10,09A,"Murder, non-negligent",1,22B20,"Parking Lot, Garage",12800,NORTHBOROUGH,DR,,HOUSTON,77067
172525,123509721,2021-09-13,1,09A,"Murder, non-negligent",1,3B10,"Residence, Home (Includes Apartment)",5625,ANTOINE,DR,,HOUSTON,77092
172322,123402721,2021-09-12,19,09A,"Murder, non-negligent",1,8C20,"Highway, Road, Street, Alley",7006,HALL,ST,S,HOUSTON,77028
172216,123329021,2021-09-12,16,09A,"Murder, non-negligent",1,16E30,"Other, Unknown",12207,ORMANDY,ST,,HOUSTON,77085
171372,122789621,2021-09-11,10,09A,"Murder, non-negligent",1,17E40,"Highway, Road, Street, Alley",12301,SANDPIPER,DR,,HOUSTON,77035
171273,122709621,2021-09-11,4,09A,"Murder, non-negligent",1,8C10,"Parking Lot, Garage",9603,HOMESTEAD,RD,,HOUSTON,77016
171288,122717621,2021-09-11,5,09A,"Murder, non-negligent",1,18F50,"Bar, Nightclub",9544,RICHMOND,AVE,,HOUSTON,77063
171137,122708521,2021-09-10,23,09A,"Murder, non-negligent",1,3B50,"Residence, Home (Includes Apartment)",8913,IRVINGTON,BLVD,,HOUSTON,77022
168551,120709521,2021-09-07,3,09A,"Murder, non-negligent",1,8C60,"Residence, Home (Includes Apartment)",6206,COBALT,ST,,HOUSTON,77016
168844,120976421,2021-09-07,15,09A,"Murder, non-negligent",1,1A10,"Hotel, Motel, ETC",1777,WALKER,ST,,HOUSTON,77010
168450,120665721,2021-09-06,23,09A,"Murder, non-negligent",1,8C60,"Highway, Road, Street, Alley",12100,SAN LUCIA RIVER,DR,,HOUSTON,77050
167373,119968721,2021-09-05,7,09A,"Murder, non-negligent",4,17E20,"Residence, Home (Includes Apartment)",7518,IMOGENE,ST,,HOUSTON,77074
167455,120011621,2021-09-05,11,09A,"Murder, non-negligent",1,1A30,"Highway, Road, Street, Alley",1901,RICHMOND,AVE,,HOUSTON,77098
167155,119864321,2021-09-05,0,09A,"Murder, non-negligent",1,14D20,"Residence, Home (Includes Apartment)",9412,COFFEE,ST,,HOUSTON,77033
166633,121854321,2021-09-04,8,09A,"Murder, non-negligent",1,14D30,"Residence, Home (Includes Apartment)",5410,PERSHING,ST,,HOUSTON,77033
166572,119460721,2021-09-04,4,09A,"Murder, non-negligent",1,14D10,"Highway, Road, Street, Alley",4151,DU PONT,ST,,HOUSTON,77021
167057,119805021,2021-09-04,22,09A,"Murder, non-negligent",1,22B20,Convenience Store,706,GREENS,RD,,HOUSTON,77060
165833,118945721,2021-09-03,5,09A,"Murder, non-negligent",1,9C10,"Residence, Home (Includes Apartment)",9410,RHODE ISLAND,,,HOUSTON,77029
165092,118411621,2021-09-02,3,09A,"Murder, non-negligent",1,2A10,"Highway, Road, Street, Alley",1600,MOODY,,,HOUSTON,77009
165064,118398021,2021-09-02,1,09A,"Murder, non-negligent",1,13D20,"Residence, Home (Includes Apartment)",8306,GULF,FWY,,HOUSTON,77061
165129,118443421,2021-09-02,6,09A,"Murder, non-negligent",1,3B10,"Highway, Road, Street, Alley",4098,SHERWOOD,LN,,HOUSTON,77092
164042,117725821,2021-08-31,17,09A,"Murder, non-negligent",1,7C20,"Residence, Home (Includes Apartment)",5520,CAVALCADE,ST,,HOUSTON,77026
163632,117383821,2021-08-30,23,09A,"Murder, non-negligent",1,6B30,"Highway, Road, Street, Alley",5685,DE SOTO,ST,,HOUSTON,77091
162362,116526421,2021-08-29,2,09A,"Murder, non-negligent",1,15E20,"Residence, Home (Includes Apartment)",12325,HILLCROFT,AVE,,HOUSTON,77035
158950,114114021,2021-08-24,1,09A,"Murder, non-negligent",1,3B50,"Parking Lot, Garage",4412,NORTH,FWY,,HOUSTON,77022
158982,114125921,2021-08-24,3,09A,"Murder, non-negligent",1,19G40,"Residence, Home (Includes Apartment)",11207,MULHOLLAND,DR,,HOUSTON,77477
159047,114176321,2021-08-24,8,09A,"Murder, non-negligent",1,13D10,"Residence, Home (Includes Apartment)",2510,BEATTY,ST,,HOUSTON,77023
158818,114056321,2021-08-23,21,09A,"Murder, non-negligent",1,7C10,"Highway, Road, Street, Alley",2103,SAKOWITZ,ST,,HOUSTON,77020
158742,114004321,2021-08-23,19,09A,"Murder, non-negligent",2,6B30,"Residence, Home (Includes Apartment)",5300,GULF BANK,RD,W,HOUSTON,77088
157821,113343421,2021-08-22,10,09A,"Murder, non-negligent",1,3B10,"Residence, Home (Includes Apartment)",4250,34TH,ST,W,HOUSTON,77092
157715,113275821,2021-08-22,4,09A,"Murder, non-negligent",1,5F20,"Residence, Home (Includes Apartment)",8332,HAMMERLY,BLVD,,HOUSTON,77055
158168,113576721,2021-08-22,22,09A,"Murder, non-negligent",1,14D30,Convenience Store,7302,HURTGEN FOREST,RD,,HOUSTON,77033
156929,112767821,2021-08-21,2,09A,"Murder, non-negligent",1,OOJ,"Highway, Road, Street, Alley",11400,EAST,FWY,,JACINTO CITY,77029
157357,113028721,2021-08-21,17,09A,"Murder, non-negligent",2,1A50,Restaurant,4715,WESTHEIMER,RD,,HOUSTON,77027
156316,112344121,2021-08-20,9,09A,"Murder, non-negligent",1,15E30,"Residence, Home (Includes Apartment)",16,CHARLESTON PARK,DR,,HOUSTON,77025
156706,112640321,2021-08-20,20,09A,"Murder, non-negligent",1,14D10,"Highway, Road, Street, Alley",6371,MARTIN LUTHER KING,BLVD,,HOUSTON,77021
156650,112598821,2021-08-20,18,09A,"Murder, non-negligent",1,3B50,"Highway, Road, Street, Alley",8306,ROSWELL,,,HOUSTON,77022
155747,111947521,2021-08-19,12,09A,"Murder, non-negligent",1,6B20,"Residence, Home (Includes Apartment)",711,GRANVILLE,DR,,HOUSTON,77091
154637,111175921,2021-08-17,19,09A,"Murder, non-negligent",1,19G40,"Residence, Home (Includes Apartment)",9700,COURT GLEN,DR,,HOUSTON,77099
153662,110416221,2021-08-16,9,09A,"Murder, non-negligent",1,8C10,"Residence, Home (Includes Apartment)",7629,POINTER,,,HOUSTON,77016
153981,110686221,2021-08-16,19,09A,"Murder, non-negligent",1,22B10,"Residence, Home (Includes Apartment)",8301,WILLOW PLACE,DR,,HOUSTON,77070
152905,109888221,2021-08-15,1,09A,"Murder, non-negligent",1,7C30,"Service, Gas Station",9602,JENSEN,DR,,HOUSTON,77093
153212,110089121,2021-08-15,14,09A,"Murder, non-negligent",1,15E40,"Other, Unknown",9551,FANNIN,ST,,HOUSTON,77045
151986,109313021,2021-08-13,19,09A,"Murder, non-negligent",1,18F40,"Highway, Road, Street, Alley",9000,WESTHEIMER,RD,,HOUSTON,77063
150506,108220921,2021-08-11,15,09A,"Murder, non-negligent",1,1A20,"Highway, Road, Street, Alley",3098,BRAZOS,ST,,HOUSTON,77006
149809,107661221,2021-08-10,11,09A,"Murder, non-negligent",1,9C30,"Hotel, Motel, ETC",10155,EAST,FWY,,HOUSTON,77013
149175,107211021,2021-08-09,12,09A,"Murder, non-negligent",2,5F20,"Highway, Road, Street, Alley",8655,PITNER,RD,,HOUSTON,77080
149572,107475421,2021-08-09,23,09A,"Murder, non-negligent",1,6B10,"Highway, Road, Street, Alley",10280,FULTON,ST,,HOUSTON,77076
149385,107378421,2021-08-09,18,09A,"Murder, non-negligent",1,15E40,"Highway, Road, Street, Alley",10301,BUFFALO SPEEDWAY,,,HOUSTON,77054
148764,106921821,2021-08-08,19,09A,"Murder, non-negligent",1,11H10,"Highway, Road, Street, Alley",5612,NEWPORT,ST,,HOUSTON,77023
147710,106227721,2021-08-07,4,09A,"Murder, non-negligent",2,6B30,"Residence, Home (Includes Apartment)",10143,INWOOD HOLLOW,LN,,HOUSTON,77088
147463,106109021,2021-08-06,22,09A,"Murder, non-negligent",1,24C10,"Residence, Home (Includes Apartment)",2046,ASPEN GLADE,DR,,HOUSTON,77339
147200,105953921,2021-08-06,16,09A,"Murder, non-negligent",1,10H50,"Highway, Road, Street, Alley",3117,ANITA,ST,,HOUSTON,77004
144190,103779021,2021-08-02,5,09A,"Murder, non-negligent",1,19G20,"Residence, Home (Includes Apartment)",11490,HARWIN,DR,,HOUSTON,77072
142425,102683221,2021-07-30,18,09A,"Murder, non-negligent",1,8C50,"Residence, Home (Includes Apartment)",7911,MATSON,,,HOUSTON,77078
139979,100844621,2021-07-27,2,09A,"Murder, non-negligent",1,6B20,"Residence, Home (Includes Apartment)",2425,CARMEL,ST,,HOUSTON,77091
139134,101044221,2021-07-25,20,09A,"Murder, non-negligent",1,15E10,"Parking Lot, Garage",8950,CHIMNEY ROCK,RD,,HOUSTON,77096
137949,99470921,2021-07-24,0,09A,"Murder, non-negligent",1,8C10,"Highway, Road, Street, Alley",5714,WESTBROOK,RD,,HOUSTON,77016
137080,98864521,2021-07-22,20,09A,"Murder, non-negligent",1,6B30,"Bar, Nightclub",9717,HOUSTON ROSSLYN,RD,N,HOUSTON,77088
134509,96959121,2021-07-19,0,09A,"Murder, non-negligent",1,6B40,"Highway, Road, Street, Alley",9400,IH 45,FWY,N,HOUSTON,77037
134884,97290121,2021-07-19,16,09A,"Murder, non-negligent",1,3B40,Convenience Store,5101,YALE,ST,,HOUSTON,77018
134455,96926421,2021-07-18,23,09A,"Murder, non-negligent",2,3B10,"Hotel, Motel, ETC",3421,ANTOINE,DR,,HOUSTON,77092
133237,96096521,2021-07-17,2,09A,"Murder, non-negligent",1,2A50,"Highway, Road, Street, Alley",1000,SANDMAN,ST,,HOUSTON,77007
132744,95755621,2021-07-16,14,09A,"Murder, non-negligent",1,1A50,"Residence, Home (Includes Apartment)",4629,WILD INDIGO,ST,,HOUSTON,77027
132028,95226421,2021-07-15,13,09A,"Murder, non-negligent",1,5F30,"Residence, Home (Includes Apartment)",5959,GUHN,RD,,HOUSTON,77040
131281,94679921,2021-07-14,11,09A,"Murder, non-negligent",1,16E30,"Residence, Home (Includes Apartment)",4951,CANCUN,DR,S,HOUSTON,77045
129139,93177521,2021-07-11,0,09A,"Murder, non-negligent",1,17E10,"Parking Lot, Garage",6001,BISSONNET,ST,,HOUSTON,77081
129276,93254721,2021-07-11,3,09A,"Murder, non-negligent",1,17E30,"Parking Lot, Garage",11503,SOUTHWEST,FWY,,HOUSTON,77031
128559,92760021,2021-07-10,3,09A,"Murder, non-negligent",1,6B10,"Residence, Home (Includes Apartment)",11305,O DONNELL,DR,,HOUSTON,77076
128825,92952321,2021-07-10,15,09A,"Murder, non-negligent",1,8C40,"Parking Lot, Garage",10008,TIDWELL,RD,,HOUSTON,77078
128919,93011921,2021-07-10,17,09A,"Murder, non-negligent",1,15E10,"Residence, Home (Includes Apartment)",7003,BISSONNET,ST,,HOUSTON,77074
127960,92386421,2021-07-09,11,09A,"Murder, non-negligent",1,12D70,"Field, Woods",247,EL DORADO,BLVD,,HOUSTON,77598
127596,92151221,2021-07-08,20,09A,"Murder, non-negligent",1,1A10,Amusement Park,410,BAGBY,ST,,HOUSTON,77002
126996,91691921,2021-07-07,22,09A,"Murder, non-negligent",1,6B10,"Highway, Road, Street, Alley",6300,WERNER,ST,,HOUSTON,77076
126398,91222921,2021-07-06,23,09A,"Murder, non-negligent",1,9C20,"Highway, Road, Street, Alley",600,MCCARTY,ST,,HOUSTON,77029
124179,89611721,2021-07-03,13,09A,"Murder, non-negligent",1,15E40,"Parking Lot, Garage",8130,KIRBY,DR,,HOUSTON,77054
123574,89235021,2021-07-02,16,09A,"Murder, non-negligent",1,8C60,"Residence, Home (Includes Apartment)",7214,SEVILLE,,,HOUSTON,77016
122642,88543421,2021-07-01,10,09A,"Murder, non-negligent",1,20G30,"Residence, Home (Includes Apartment)",11212,WESTPARK,DR,,HOUSTON,77042
122437,88375721,2021-07-01,0,09A,"Murder, non-negligent",1,14D10,"Highway, Road, Street, Alley",7300,CULLEN,BLVD,,HOUSTON,77051
122362,88333621,2021-06-30,22,09A,"Murder, non-negligent",3,17E40,"Residence, Home (Includes Apartment)",12101,FONDREN,RD,,HOUSTON,77035
120991,87323921,2021-06-29,0,09A,"Murder, non-negligent",1,20G10,"Highway, Road, Street, Alley",6011,SAM HOUSTON,PKWY,W,HOUSTON,77036
121354,87591021,2021-06-29,14,09A,"Murder, non-negligent",1,6B40,"Hotel, Motel, ETC",9797,NORTH,FWY,,HOUSTON,77038
119024,85899921,2021-06-26,1,09A,"Murder, non-negligent",1,8C40,"Highway, Road, Street, Alley",8700,VALLEY FLAG,DR,,HOUSTON,77078
119606,86341821,2021-06-26,22,09A,"Murder, non-negligent",1,8C10,"Parking Lot, Garage",4902,LAURA KOPPE,RD,,HOUSTON,77016
118401,85495921,2021-06-25,9,09A,"Murder, non-negligent",1,3B10,"Residence, Home (Includes Apartment)",5625,ANTOINE DR 309,,,HOUSTON,77092
116833,84242421,2021-06-23,1,09A,"Murder, non-negligent",1,19G10,"Highway, Road, Street, Alley",8405,WILCREST,DR,,HOUSTON,77072
117464,84848721,2021-06-23,23,09A,"Murder, non-negligent",1,1A40,"Residence, Home (Includes Apartment)",1928,LARCHMONT,RD,,HOUSTON,77019
117259,84654521,2021-06-23,18,09A,"Murder, non-negligent",1,20G40,"Residence, Home (Includes Apartment)",11770,WESTHEIMER,RD,,HOUSTON,77077
115528,83278521,2021-06-21,6,09A,"Murder, non-negligent",1,14D20,"Highway, Road, Street, Alley",4300,BELLFORT,ST,,HOUSTON,77051
115990,83659821,2021-06-21,20,09A,"Murder, non-negligent",1,15E30,"Residence, Home (Includes Apartment)",10841,GREENWILLOW,DR,,HOUSTON,77035
116013,83668621,2021-06-21,21,09A,"Murder, non-negligent",1,5F30,"Highway, Road, Street, Alley",8020,GROW,LN,,HOUSTON,77040
115747,83462421,2021-06-21,14,09A,"Murder, non-negligent",1,17E10,"Residence, Home (Includes Apartment)",6500,DUNLAP,ST,,HOUSTON,77074
114952,82931321,2021-06-20,9,09A,"Murder, non-negligent",2,4F30,"Residence, Home (Includes Apartment)",1015,TRI OAKS,LN,,HOUSTON,77043
114133,82344721,2021-06-19,5,09A,"Murder, non-negligent",1,9C10,"Field, Woods",698,FIDELITY,ST,,HOUSTON,77029
114572,82652521,2021-06-19,20,09A,"Murder, non-negligent",1,14D20,"Residence, Home (Includes Apartment)",4700,WENDA,ST,,HOUSTON,77033
114363,82513521,2021-06-19,14,09A,"Murder, non-negligent",1,10H40,"Highway, Road, Street, Alley",2000,FANNIN,ST,,HOUSTON,77002
113514,81938821,2021-06-18,12,09A,"Murder, non-negligent",1,6B10,"Parking Lot, Garage",233,ROSAMOND,,,HOUSTON,77076
113123,81657921,2021-06-17,20,09A,"Murder, non-negligent",2,6B30,"Highway, Road, Street, Alley",6200,TIDWELL,RD,W,HOUSTON,77092
112680,81261321,2021-06-17,6,09A,"Murder, non-negligent",1,17E20,"Commercial, Office Building",9557,GESSNER,RD,S,HOUSTON,77074
112662,81246521,2021-06-17,5,09A,"Murder, non-negligent",1,12D20,"Parking Lot, Garage",10570,FUQUA,ST,,HOUSTON,77089
112465,81138921,2021-06-16,21,09A,"Murder, non-negligent",1,14D10,"Highway, Road, Street, Alley",6415,DUMBLE,ST,,HOUSTON,77021
110438,79643221,2021-06-14,0,09A,"Murder, non-negligent",1,20G80,"Hotel, Motel, ETC",2130,SH 6,,S,HOUSTON,77094
111142,80175821,2021-06-14,23,09A,"Murder, non-negligent",1,16E20,"Highway, Road, Street, Alley",4307,BERAN,DR,,HOUSTON,77045
109885,79257821,2021-06-13,3,09A,"Murder, non-negligent",1,12D10,"Residence, Home (Includes Apartment)",10910,GULF,FWY,,HOUSTON,77075
110157,79449521,2021-06-13,15,09A,"Murder, non-negligent",1,20G10,"Residence, Home (Includes Apartment)",9851,MEADOWGLEN,LN,,HOUSTON,77042
109414,78934521,2021-06-12,13,09A,"Murder, non-negligent",2,13D20,"Residence, Home (Includes Apartment)",7550,DROUET,ST,,HOUSTON,77061
108302,78146321,2021-06-11,0,09A,"Murder, non-negligent",1,12D30,"Residence, Home (Includes Apartment)",12601,GREEN,DR,S,HOUSTON,77034
108757,78524721,2021-06-11,17,09A,"Murder, non-negligent",1,9C10,"Residence, Home (Includes Apartment)",218,PENNSYLVANIA,,,HOUSTON,77029
108236,78110021,2021-06-10,22,09A,"Murder, non-negligent",1,6B40,"Residence, Home (Includes Apartment)",9018,BUNNY RUN,DR,,HOUSTON,77088
106926,77084121,2021-06-09,0,09A,"Murder, non-negligent",1,7C10,"Highway, Road, Street, Alley",4098,MARKET,ST,,HOUSTON,77020
107026,77141621,2021-06-09,6,09A,"Murder, non-negligent",1,13D20,"Parking Lot, Garage",7035,BELLFORT,ST,,HOUSTON,77087
106786,77016221,2021-06-08,20,09A,"Murder, non-negligent",1,15E30,"Highway, Road, Street, Alley",9715,STELLA LINK,RD,,HOUSTON,77025
106881,77170221,2021-06-08,22,09A,"Murder, non-negligent",1,14D30,"Residence, Home (Includes Apartment)",6023,GLENHURST,DR,,HOUSTON,77033
105550,76066221,2021-06-07,0,09A,"Murder, non-negligent",1,9C20,"Field, Woods",1900,DORSETT,,,HOUSTON,77029
104289,75216321,2021-06-05,5,09A,"Murder, non-negligent",1,1A50,"Residence, Home (Includes Apartment)",6,GREENWAY PLAZA,DR,,HOUSTON,77046
103400,74622221,2021-06-04,1,09A,"Murder, non-negligent",1,6B40,"Residence, Home (Includes Apartment)",9601,MONTGOMERY,RD,W,HOUSTON,77088
103121,74433821,2021-06-03,16,09A,"Murder, non-negligent",1,7C20,"Other, Unknown",6606,HIRSCH,RD,,HOUSTON,77026
102175,73589621,2021-06-02,6,09A,"Murder, non-negligent",1,20G80,"Residence, Home (Includes Apartment)",13098,WESTHEIMER,RD,,HOUSTON,77077
100690,72630021,2021-05-31,1,09A,"Murder, non-negligent",1,10H40,"Bar, Nightclub",2301,MAIN,ST,,HOUSTON,77002
100127,72252921,2021-05-30,8,09A,"Murder, non-negligent",1,16E20,"Residence, Home (Includes Apartment)",3342,WUTHERING HEIGHTS,DR,,HOUSTON,77045
100513,72782521,2021-05-30,20,09A,"Murder, non-negligent",1,22B30,"Hotel, Motel, ETC",702,SAM HOUSTON,PKWY,N,HOUSTON,77060
100530,72542221,2021-05-30,21,09A,"Murder, non-negligent",1,15E40,"Other, Unknown",8513,CAMBRIDGE,ST,,HOUSTON,77054
100615,72597021,2021-05-30,23,09A,"Murder, non-negligent",1,22B20,"Parking Lot, Garage",1350,GREENS,PKWY,,HOUSTON,77067
99253,71660721,2021-05-29,2,09A,"Murder, non-negligent",5,15E40,"Highway, Road, Street, Alley",2265,IH 610,FWY,S,HOUSTON,77054
99648,71946621,2021-05-29,17,09A,"Murder, non-negligent",1,18F20,"Parking Lot, Garage",3101,SAGE,RD,,HOUSTON,77056
99647,71941621,2021-05-29,17,09A,"Murder, non-negligent",1,14D50,"Other, Unknown",6100,GROSBEAK,DR,,HOUSTON,77048
98698,71260221,2021-05-28,11,09A,"Murder, non-negligent",1,20G40,"Parking Lot, Garage",2151,KIRKWOOD,RD,S,HOUSTON,77077
98588,71190421,2021-05-28,7,09A,"Murder, non-negligent",1,17E10,"Parking Lot, Garage",6550,HILLCROFT,AVE,,HOUSTON,77081
98519,71128221,2021-05-28,3,09A,"Murder, non-negligent",1,1A10,"Highway, Road, Street, Alley",900,MILAM,ST,,HOUSTON,77002
98872,71391421,2021-05-28,16,09A,"Murder, non-negligent",1,6B20,"Highway, Road, Street, Alley",6800,NORTH,FWY,,HOUSTON,77076
97778,70559521,2021-05-27,3,09A,"Murder, non-negligent",1,2A50,"Residence, Home (Includes Apartment)",926,LESTER,ST,,HOUSTON,77007
97839,70885221,2021-05-27,7,09A,"Murder, non-negligent",1,15E10,"Residence, Home (Includes Apartment)",8826,MCAVOY,DR,,HOUSTON,77074
98353,71038821,2021-05-27,22,09A,"Murder, non-negligent",1,2A10,"Parking Lot, Garage",1412,CAVALCADE,ST,,HOUSTON,77009
98071,70831921,2021-05-27,15,09A,"Murder, non-negligent",1,9C40,"Highway, Road, Street, Alley",13202,INDIANAPOLIS,,,HOUSTON,77015
97033,70253721,2021-05-26,0,09A,"Murder, non-negligent",1,6B30,"Highway, Road, Street, Alley",5500,DE SOTO,ST,,HOUSTON,77091
96637,69671221,2021-05-25,13,09A,"Murder, non-negligent",1,16E10,"Residence, Home (Includes Apartment)",1106,BRENFORD,DR,,HOUSTON,77047
96373,69453221,2021-05-25,2,09A,"Murder, non-negligent",1,10H40,"Highway, Road, Street, Alley",4600,MAIN,ST,,HOUSTON,77002
96363,69449421,2021-05-25,1,09A,"Murder, non-negligent",1,16E40,"Other, Unknown",16502,QUAIL PRAIRIE,DR,,HOUSTON,77489
96698,69737021,2021-05-25,15,09A,"Murder, non-negligent",1,19G10,"Residence, Home (Includes Apartment)",9502,WOODFAIR,DR,,HOUSTON,77036
96310,69419421,2021-05-24,23,09A,"Murder, non-negligent",1,3B40,"Highway, Road, Street, Alley",4350,AIRLINE,DR,,HOUSTON,77022
94836,68393621,2021-05-22,18,09A,"Murder, non-negligent",1,3B30,"Residence, Home (Includes Apartment)",2006,43RD,ST,W,HOUSTON,77018
92889,67013121,2021-05-19,23,09A,"Murder, non-negligent",1,6B10,"Parking Lot, Garage",9808,BAUMAN,RD,,HOUSTON,77076
91111,65761721,2021-05-17,12,09A,"Murder, non-negligent",1,11H10,"Highway, Road, Street, Alley",6300,GULF,FWY,,HOUSTON,77023
91373,65962121,2021-05-17,19,09A,"Murder, non-negligent",3,5F20,"Residence, Home (Includes Apartment)",1550,BLALOCK,RD,,HOUSTON,77080
90345,65234821,2021-05-16,5,09A,"Murder, non-negligent",1,15E30,"Parking Lot, Garage",11211,POST OAK,RD,S,HOUSTON,77035
90810,65627621,2021-05-16,23,09A,"Murder, non-negligent",1,8C20,Convenience Store,6729,LOCKWOOD,DR,,HOUSTON,77028
89141,64428921,2021-05-14,14,09A,"Murder, non-negligent",1,7C10,"Highway, Road, Street, Alley",1900,JENSEN,DR,,HOUSTON,77026
88188,63614521,2021-05-13,1,09A,"Murder, non-negligent",1,12D10,"Residence, Home (Includes Apartment)",10910,GULF,FWY,,HOUSTON,77075
88604,64039121,2021-05-13,18,09A,"Murder, non-negligent",1,3B10,"Highway, Road, Street, Alley",12501,NORTHWEST,FWY,,HOUSTON,
87531,63117921,2021-05-12,3,09A,"Murder, non-negligent",1,20G30,"Parking Lot, Garage",3200,SAM HOUSTON,PKWY,W,HOUSTON,77042
87891,63444821,2021-05-12,17,09A,"Murder, non-negligent",1,15E40,"Residence, Home (Includes Apartment)",2501,WESTRIDGE,ST,,HOUSTON,77054
87970,63494421,2021-05-12,19,09A,"Murder, non-negligent",1,14D20,"Residence, Home (Includes Apartment)",3830,SOUTHLAWN,ST,,HOUSTON,77021
86843,62603721,2021-05-11,4,09A,"Murder, non-negligent",1,3B10,"Residence, Home (Includes Apartment)",4000,WATONGA,BLVD,,HOUSTON,77092
84957,61309521,2021-05-08,11,09A,"Murder, non-negligent",1,12D10,"Residence, Home (Includes Apartment)",9220,NATHANIEL,,,HOUSTON,77075
84681,61124621,2021-05-08,0,09A,"Murder, non-negligent",1,14D20,"Parking Lot, Garage",5050,SUNFLOWER,ST,,HOUSTON,77033
84042,61671521,2021-05-07,4,09A,"Murder, non-negligent",1,7C20,"Residence, Home (Includes Apartment)",5457,PARDEE,,,HOUSTON,77026
84535,61042321,2021-05-07,21,09A,"Murder, non-negligent",1,15E30,"Residence, Home (Includes Apartment)",3920,OMEARA,DR,,HOUSTON,77025
83258,60055721,2021-05-06,0,09A,"Murder, non-negligent",1,3B50,"Highway, Road, Street, Alley",7722,MELROSE,,,HOUSTON,77022
83164,59996121,2021-05-05,22,09A,"Murder, non-negligent",1,22B20,"Parking Lot, Garage",925,GREENS,RD,,HOUSTON,77060
83057,59939921,2021-05-05,19,09A,"Murder, non-negligent",1,16E40,"Parking Lot, Garage",15898,POST OAK,RD,S,HOUSTON,77053
81886,58993321,2021-05-04,1,09A,"Murder, non-negligent",1,19G50,"Highway, Road, Street, Alley",10101,SUGAR BRANCH,DR,,HOUSTON,77036
80697,58195721,2021-05-02,13,09A,"Murder, non-negligent",1,10H10,"Service, Gas Station",2002,RUNNELS,,,HOUSTON,77003
80875,58329221,2021-05-02,18,09A,"Murder, non-negligent",1,6B40,"Residence, Home (Includes Apartment)",1415,GULF BANK,RD,W,HOUSTON,77088
79510,57449221,2021-04-30,21,09A,"Murder, non-negligent",1,3B10,"Parking Lot, Garage",5723,BINGLE,RD,,HOUSTON,77092
78580,56742121,2021-04-29,13,09A,"Murder, non-negligent",1,14D10,"Parking Lot, Garage",3322,YELLOWSTONE,BLVD,,HOUSTON,77021
78168,56475821,2021-04-28,21,09A,"Murder, non-negligent",1,19G40,"Highway, Road, Street, Alley",11575,BISSONNET,ST,,HOUSTON,77099
78058,56401921,2021-04-28,18,09A,"Murder, non-negligent",1,19G20,"Residence, Home (Includes Apartment)",11201,BELLAIRE,BLVD,,HOUSTON,77072
77284,55845221,2021-04-27,16,09A,"Murder, non-negligent",1,12D30,"Hotel, Motel, ETC",12700,FEATHERWOOD,DR,,HOUSTON,
75737,54728721,2021-04-25,12,09A,"Murder, non-negligent",1,3B10,"Highway, Road, Street, Alley",5810,GOLDEN FOREST,DR,,HOUSTON,77092
75799,54767221,2021-04-25,14,09A,"Murder, non-negligent",1,6B30,"Residence, Home (Includes Apartment)",6407,ANTOINE,DR,,HOUSTON,77091
74834,54037121,2021-04-24,2,09A,"Murder, non-negligent",1,8C30,"Highway, Road, Street, Alley",8201,SUNBURY,,,HOUSTON,77028
75232,54373021,2021-04-24,18,09A,"Murder, non-negligent",1,4F10,Industrial Site,1106,WISTERWOOD,DR,,HOUSTON,77043
74657,53936721,2021-04-23,21,09A,"Murder, non-negligent",1,18F40,Restaurant,8609,WESTHEIMER,RD,,HOUSTON,77063
73499,53022821,2021-04-22,2,09A,"Murder, non-negligent",1,15E30,"Highway, Road, Street, Alley",4590,LOOP,,S,HOUSTON,77096
73070,52755721,2021-04-21,14,09A,"Murder, non-negligent",1,14D30,"Highway, Road, Street, Alley",5101,MYRTLEWOOD,ST,,HOUSTON,77033
72791,52514221,2021-04-21,1,09A,"Murder, non-negligent",1,19G50,"Hotel, Motel, ETC",11744,SOUTHWEST,FWY,,HOUSTON,77031
73390,52980621,2021-04-21,22,09A,"Murder, non-negligent",1,13D20,"Parking Lot, Garage",8405,BROADWAY,ST,,HOUSTON,77061
72531,52348321,2021-04-20,17,09A,"Murder, non-negligent",1,7C10,Convenience Store,1302,EASTEX,FWY,,HOUSTON,77020
71479,51503321,2021-04-19,0,09A,"Murder, non-negligent",2,3B40,"Other, Unknown",700,WHITNEY,ST,E,HOUSTON,77022
71566,51555221,2021-04-19,4,09A,"Murder, non-negligent",1,14D20,"Residence, Home (Includes Apartment)",3833,GOODHOPE,ST,,HOUSTON,77021
70966,51149321,2021-04-18,3,09A,"Murder, non-negligent",1,20G10,"Residence, Home (Includes Apartment)",2900,GESSNER,RD,S,HOUSTON,77063
71295,51380721,2021-04-18,18,09A,"Murder, non-negligent",1,3B40,"Highway, Road, Street, Alley",905,35TH,ST,E,HOUSTON,77022
70735,50968121,2021-04-17,19,09A,"Murder, non-negligent",1,20G20,"Parking Lot, Garage",1455,LAKESIDE ESTATES,DR,,HOUSTON,77042
70614,50874521,2021-04-17,15,09A,"Murder, non-negligent",1,9C10,"Residence, Home (Includes Apartment)",155,GEORGIA,ST,,HOUSTON,77029
69678,50199121,2021-04-16,6,09A,"Murder, non-negligent",1,6B20,"Parking Lot, Garage",1000,PINEMONT,DR,,HOUSTON,77091
69091,49819021,2021-04-15,11,09A,"Murder, non-negligent",2,13D20,"Parking Lot, Garage",8400,BROADWAY,ST,,HOUSTON,77061
68258,49177421,2021-04-14,0,09A,"Murder, non-negligent",1,3B50,"Hotel, Motel, ETC",5006,NORTH,FWY,,HOUSTON,77022
66239,47690121,2021-04-11,2,09A,"Murder, non-negligent",1,19G10,"Highway, Road, Street, Alley",9418,CONCOURSE,DR,,HOUSTON,77036
66516,47894521,2021-04-11,15,09A,"Murder, non-negligent",1,3B30,"Parking Lot, Garage",4831,SHEPHERD,DR,N,HOUSTON,77018
66036,47556821,2021-04-10,21,09A,"Murder, non-negligent",1,20G30,Convenience Store,2901,WALNUT BEND,LN,,HOUSTON,77042
66097,47602521,2021-04-10,22,09A,"Murder, non-negligent",1,17E10,Convenience Store,6001,BISSONNET,ST,,HOUSTON,77081
65846,47403621,2021-04-10,15,09A,"Murder, non-negligent",1,6B30,"Residence, Home (Includes Apartment)",6200,TIDWELL,RD,W,HOUSTON,77092
65196,46980221,2021-04-09,18,09A,"Murder, non-negligent",1,14D20,"Highway, Road, Street, Alley",9310,ST LO,RD,,HOUSTON,77033
62251,44729821,2021-04-05,13,09A,"Murder, non-negligent",1,7C10,"Highway, Road, Street, Alley",1800,ST ELMO ST.,,,HOUSTON,77020
62317,44784521,2021-04-05,15,09A,"Murder, non-negligent",1,6B40,"Residence, Home (Includes Apartment)",1415,GULF BANK,RD,W,HOUSTON,77088
61524,44231821,2021-04-04,12,09A,"Murder, non-negligent",2,20G30,"Highway, Road, Street, Alley",11100,RICHMOND,AVE,,HOUSTON,77082
61816,44432721,2021-04-04,21,09A,"Murder, non-negligent",1,5F10,"Parking Lot, Garage",7620,KATY,FWY,,HOUSTON,77055
60283,43401721,2021-04-02,16,09A,"Murder, non-negligent",1,12D20,"Highway, Road, Street, Alley",13800,GULF,FWY,,HOUSTON,77089
60328,43434921,2021-04-02,17,09A,"Murder, non-negligent",1,4F30,"Parking Lot, Garage",14838,PARK ROW,DR,,HOUSTON,77084
57984,41676121,2021-03-30,6,09A,"Murder, non-negligent",1,20G10,"Bank, Savings & Loan",10000,HARWIN,DR,,HOUSTON,77036
57706,41503021,2021-03-29,18,09A,"Murder, non-negligent",1,16E20,"Parking Lot, Garage",3815,FUQUA,ST,W,HOUSTON,77053
56575,40697521,2021-03-28,0,09A,"Murder, non-negligent",1,10H60,"Parking Lot, Garage",3354,DIXIE,DR,,HOUSTON,77021
54033,38869821,2021-03-24,12,09A,"Murder, non-negligent",1,14D20,"Residence, Home (Includes Apartment)",4112,REDBUD,ST,,HOUSTON,77051
53697,38624321,2021-03-23,23,09A,"Murder, non-negligent",1,20G30,"Hotel, Motel, ETC",2930,SAM HOUSTON,PKWY,W,HOUSTON,77042
51274,36936721,2021-03-20,10,09A,"Murder, non-negligent",1,19G10,"Parking Lot, Garage",8405,WILCREST,DR,,HOUSTON,77072
50552,36410021,2021-03-19,9,09A,"Murder, non-negligent",1,18F60,"Hotel, Motel, ETC",8200,SOUTHWEST,FWY,,HOUSTON,77036
51032,36930721,2021-03-19,23,09A,"Murder, non-negligent",1,20G30,"Parking Lot, Garage",12360,RICHMOND,AVE,,HOUSTON,77082
50175,36095821,2021-03-18,15,09A,"Murder, non-negligent",1,10H20,"Highway, Road, Street, Alley",801,TELEPHONE,RD,,HOUSTON,77023
48525,34859021,2021-03-16,3,09A,"Murder, non-negligent",1,7C20,"Parking Lot, Garage",4914,KASHMERE,ST,,HOUSTON,77026
48103,34521621,2021-03-15,13,09A,"Murder, non-negligent",1,18F60,Convenience Store,8200,SOUTHWEST,FWY,,HOUSTON,77036
48388,34798221,2021-03-15,22,09A,"Murder, non-negligent",1,22B30,"Highway, Road, Street, Alley",720,SAM HOUSTON,PKWY,N,HOUSTON,77060
46692,33666621,2021-03-13,8,09A,"Murder, non-negligent",1,14D50,"Church, Synagogue, Temple",5300,ALMEDA GENOA,RD,,HOUSTON,77048
46509,33461321,2021-03-13,0,09A,"Murder, non-negligent",1,12D10,"Highway, Road, Street, Alley",9809,FABIOLA,DR,,HOUSTON,77075
46648,33543921,2021-03-13,6,09A,"Murder, non-negligent",1,14D10,"Highway, Road, Street, Alley",6812,EASTWOOD,ST,,HOUSTON,77021
45988,33082121,2021-03-12,9,09A,"Murder, non-negligent",1,6B20,"Residence, Home (Includes Apartment)",838,GREEN MEADOW,LN,,HOUSTON,77091
46473,33424121,2021-03-12,23,09A,"Murder, non-negligent",1,10H40,"Highway, Road, Street, Alley",2017,MAIN,ST,,HOUSTON,77002
46483,33450621,2021-03-12,23,09A,"Murder, non-negligent",1,9C20,"Bar, Nightclub",7698,LYONS,AVE,,HOUSTON,77020
45091,32418821,2021-03-10,23,09A,"Murder, non-negligent",3,20G10,"Parking Lot, Garage",6300,RANCHESTER,DR,,HOUSTON,77036
45040,32376321,2021-03-10,22,09A,"Murder, non-negligent",1,19G40,"Parking Lot, Garage",11303,BISSONNET,ST,,HOUSTON,77099
44410,31907221,2021-03-09,23,09A,"Murder, non-negligent",2,1A20,"Residence, Home (Includes Apartment)",900,LAMB,,,HOUSTON,77019
44157,31749621,2021-03-09,16,09A,"Murder, non-negligent",1,12D30,"Residence, Home (Includes Apartment)",12115,PALMTON,,,HOUSTON,77034
43146,30964421,2021-03-08,2,09A,"Murder, non-negligent",1,10H40,"Highway, Road, Street, Alley",2900,FANNIN,ST,,HOUSTON,77002
41899,30120921,2021-03-06,4,09A,"Murder, non-negligent",1,19G50,"Hotel, Motel, ETC",9610,SAM HOUSTON,PKWY,W,HOUSTON,77099
42098,30280721,2021-03-06,14,09A,"Murder, non-negligent",1,3B50,"Parking Lot, Garage",4710,NORTH,FWY,,HOUSTON,77022
41140,30746621,2021-03-05,0,09A,"Murder, non-negligent",1,15E40,"Highway, Road, Street, Alley",812,HOLMES,RD,,HOUSTON,77045
41528,29864921,2021-03-05,16,09A,"Murder, non-negligent",1,17E40,"Highway, Road, Street, Alley",11300,SANDPIPER,DR,,HOUSTON,77035
40507,29052521,2021-03-04,0,09A,"Murder, non-negligent",1,1A50,"Residence, Home (Includes Apartment)",2990,BISSONNET,ST,,HOUSTON,77005
39409,28233321,2021-03-02,10,09A,"Murder, non-negligent",2,12D10,"Residence, Home (Includes Apartment)",11150,CAYMAN MIST,DR,,HOUSTON,77075
39464,28284921,2021-03-02,12,09A,"Murder, non-negligent",1,8C40,"Residence, Home (Includes Apartment)",8702,BROCK PARK,BLVD,,HOUSTON,77078
38448,27616221,2021-03-01,0,09A,"Murder, non-negligent",1,10H60,"Highway, Road, Street, Alley",2409,ARBOR,ST,,HOUSTON,77004
37760,27201521,2021-02-28,1,09A,"Murder, non-negligent",1,15E10,"Service, Gas Station",9000,RENWICK,DR,,HOUSTON,77096
37439,26992021,2021-02-27,17,09A,"Murder, non-negligent",1,20G70,"Residence, Home (Includes Apartment)",2700,DAIRY ASHFORD,RD,S,HOUSTON,77082
36867,26626421,2021-02-26,21,09A,"Murder, non-negligent",1,18F60,"Other, Unknown",8708,BEECHNUT,ST,,HOUSTON,77036
36180,26134421,2021-02-25,21,09A,"Murder, non-negligent",1,6B10,"Residence, Home (Includes Apartment)",330,ROSAMOND,,,HOUSTON,77076
36014,26038021,2021-02-25,17,09A,"Murder, non-negligent",1,10H50,Convenience Store,3341,WINBERN,,,HOUSTON,77004
35134,25357721,2021-02-24,10,09A,"Murder, non-negligent",1,18F50,"Other, Unknown",7250,HARWIN,DR,,HOUSTON,77036
34934,25205821,2021-02-24,0,09A,"Murder, non-negligent",1,14D20,"Parking Lot, Garage",3901,LOCKHART,ST,,HOUSTON,77051
34999,25238221,2021-02-24,3,09A,"Murder, non-negligent",1,20G30,"Parking Lot, Garage",2929,HAYES,RD,,HOUSTON,77082
34947,25214621,2021-02-24,0,09A,"Murder, non-negligent",1,7C20,Convenience Store,5001,CRANE,ST,,HOUSTON,77026
34939,25211321,2021-02-24,0,09A,"Murder, non-negligent",1,14D40,"Residence, Home (Includes Apartment)",11911,MARTIN LUTHER KING,BLVD,,HOUSTON,77048
35546,25668521,2021-02-24,22,09A,"Murder, non-negligent",1,16E40,"Residence, Home (Includes Apartment)",15130,FOUR WINDS,DR,,HOUSTON,77489
34290,24732721,2021-02-23,0,09A,"Murder, non-negligent",1,15E30,"Residence, Home (Includes Apartment)",4045,LINKWOOD,DR,,HOUSTON,77025
32509,23518721,2021-02-20,11,09A,"Murder, non-negligent",1,20G70,"Residence, Home (Includes Apartment)",12601,ASHFORD MEADOW,DR,,HOUSTON,77082
32326,23407021,2021-02-20,2,09A,"Murder, non-negligent",1,9C30,"Bar, Nightclub",11095,EAST,FWY,,HOUSTON,77013
32030,23185621,2021-02-19,17,09A,"Murder, non-negligent",1,14D30,"Residence, Home (Includes Apartment)",5402,CHENNAULT,RD,,HOUSTON,77033
30972,22225521,2021-02-17,13,09A,"Murder, non-negligent",1,7C20,"Jail, Prison",5656,KELLEY,ST,,HOUSTON,77026
31011,22260221,2021-02-17,15,09A,"Murder, non-negligent",1,10H40,"Highway, Road, Street, Alley",2000,FANNIN,ST,,HOUSTON,77002
31041,22291021,2021-02-17,17,09A,"Murder, non-negligent",1,8C10,"Highway, Road, Street, Alley",7501,LAVENDER,ST,,HOUSTON,77016
30377,21577021,2021-02-16,2,09A,"Murder, non-negligent",1,13D10,"Service, Gas Station",7240,LONG,DR,,HOUSTON,77087
30042,21146321,2021-02-15,1,09A,"Murder, non-negligent",1,11H20,"Residence, Home (Includes Apartment)",7575,OFFICE CITY,DR,,HOUSTON,77012
29568,20812521,2021-02-14,3,09A,"Murder, non-negligent",1,18F60,"Highway, Road, Street, Alley",9422,HARWIN,DR,,HOUSTON,77036
27666,19493021,2021-02-11,7,09A,"Murder, non-negligent",1,22B20,"Other, Unknown",1303,GEARS,RD,,HOUSTON,77067.0
27072,19102421,2021-02-10,9,09A,"Murder, non-negligent",1,9C30,"Jail, Prison",10950,BEAUMONT,HWY,,HOUSTON,77013.0
27473,19370821,2021-02-10,21,09A,"Murder, non-negligent",1,10H10,"Residence, Home (Includes Apartment)",305,BRYAN,,N,HOUSTON,77011.0
27487,19380021,2021-02-10,21,09A,"Murder, non-negligent",1,3B40,"Highway, Road, Street, Alley",311,DELZ,DR,E,HOUSTON,77022.0
26389,18599421,2021-02-09,9,09A,"Murder, non-negligent",1,17E40,"Parking Lot, Garage",12304,FONDREN,RD,,HOUSTON,77071.0
24947,17648321,2021-02-07,3,09A,"Murder, non-negligent",1,14D10,"Bar, Nightclub",4822,MARTIN LUTHER KING,BLVD,,HOUSTON,77021.0
25374,17935221,2021-02-07,20,09A,"Murder, non-negligent",1,20G70,"Residence, Home (Includes Apartment)",1910,WESTMEAD,DR,,HOUSTON,77077.0
24420,17324421,2021-02-06,13,09A,"Murder, non-negligent",1,8C50,"Parking Lot, Garage",8600,STERLINGSHIRE,,,HOUSTON,77078.0
24243,17199621,2021-02-06,4,09A,"Murder, non-negligent",1,5F20,"Highway, Road, Street, Alley",8500,RANNIE,RD,,HOUSTON,77080.0
24664,17485721,2021-02-06,20,09A,"Murder, non-negligent",1,19G10,"Parking Lot, Garage",7911,WILCREST,DR,,HOUSTON,77072.0
24677,17500821,2021-02-06,20,09A,"Murder, non-negligent",1,13D20,"Highway, Road, Street, Alley",6358,TELEPHONE,RD,,HOUSTON,77087.0
24022,17085121,2021-02-05,21,09A,"Murder, non-negligent",1,9C30,"Hotel, Motel, ETC",10801,EAST,FWY,,HOUSTON,77013.0
21082,14952021,2021-02-01,11,09A,"Murder, non-negligent",1,9C10,"Field, Woods",164,CAROLINA,ST,N,HOUSTON,77029.0
21374,15132421,2021-02-01,18,09A,"Murder, non-negligent",1,6B10,"Residence, Home (Includes Apartment)",398,ROSAMOND,,,HOUSTON,77076.0
20525,14584921,2021-01-31,16,09A,"Murder, non-negligent",1,14D20,"Other, Unknown",4400,LOOP,,S,HOUSTON,77033.0
18266,12835621,2021-01-28,4,09A,"Murder, non-negligent",1,12D10,"Parking Lot, Garage",1221,REDFORD,ST,,HOUSTON,77034.0
18650,13234421,2021-01-28,19,09A,"Murder, non-negligent",1,12D10,"Residence, Home (Includes Apartment)",10909,GULF,FWY,,HOUSTON,77034.0
17010,11851321,2021-01-26,7,09A,"Murder, non-negligent",1,22B40,"Field, Woods",6198,ALBERT,DR,,HOUSTON,77396.0
17457,12220821,2021-01-26,20,09A,"Murder, non-negligent",1,9C10,"Highway, Road, Street, Alley",798,FIDELITY,ST,,HOUSTON,77029.0
16447,11505021,2021-01-25,12,09A,"Murder, non-negligent",1,13D20,"Parking Lot, Garage",8326,BROADWAY,ST,,HOUSTON,77061.0
16539,11552521,2021-01-25,14,09A,"Murder, non-negligent",1,3B40,"Highway, Road, Street, Alley",8502,MAIN,ST,N,HOUSTON,77022.0
16005,11219221,2021-01-24,21,09A,"Murder, non-negligent",1,13D20,"Parking Lot, Garage",8405,BROADWAY,ST,,HOUSTON,77061.0
15964,11201321,2021-01-24,20,09A,"Murder, non-negligent",1,14D20,"Highway, Road, Street, Alley",5200,REED,RD,,HOUSTON,77033.0
14375,10184921,2021-01-22,15,09A,"Murder, non-negligent",1,14D40,"Highway, Road, Street, Alley",11398,MARTIN LUTHER KING,BLVD,,HOUSTON,77048.0
14502,10272721,2021-01-22,18,09A,"Murder, non-negligent",1,10H50,"Residence, Home (Includes Apartment)",2211,HADLEY,ST,,HOUSTON,77003.0
11420,8062521,2021-01-18,10,09A,"Murder, non-negligent",1,22B20,"Highway, Road, Street, Alley",12961,NORTH,FWY,,HOUSTON,77067.0
11718,8270421,2021-01-18,19,09A,"Murder, non-negligent",1,17E40,"Residence, Home (Includes Apartment)",12500,DUNLAP,ST,,HOUSTON,77035.0
10454,7443121,2021-01-16,21,09A,"Murder, non-negligent",1,6B10,"Residence, Home (Includes Apartment)",303,ROSAMOND,,,HOUSTON,77076.0
9516,6801721,2021-01-15,15,09A,"Murder, non-negligent",1,14D50,"Highway, Road, Street, Alley",13301,CULLEN,BLVD,,HOUSTON,77047.0
8574,6164421,2021-01-14,10,09A,"Murder, non-negligent",1,17E10,"Residence, Home (Includes Apartment)",6550,HILLCROFT,AVE,,HOUSTON,77081.0
8444,6038621,2021-01-14,2,09A,"Murder, non-negligent",1,14D30,"Other, Unknown",5715,HERON,DR,,HOUSTON,77033.0
8544,6137521,2021-01-14,9,09A,"Murder, non-negligent",1,17E10,"Parking Lot, Garage",6000,ROOKIN,ST,,HOUSTON,77074.0
8506,6073421,2021-01-14,7,09A,"Murder, non-negligent",1,2A10,"Highway, Road, Street, Alley",1709,MORRIS,ST,,HOUSTON,
7093,5031521,2021-01-11,21,09A,"Murder, non-negligent",1,17E30,"Parking Lot, Garage",9501,SOUTHWEST,FWY,,HOUSTON,77074.0
6490,43894421,2021-01-10,21,09A,"Murder, non-negligent",1,2A50,"Residence, Home (Includes Apartment)",230,T C JESTER,BLVD,,HOUSTON,77007.0
6293,4422021,2021-01-10,14,09A,"Murder, non-negligent",1,19G30,"Residence, Home (Includes Apartment)",6822,SONGBROOK,DR,,HOUSTON,77083.0
5383,3782021,2021-01-09,1,09A,"Murder, non-negligent",1,14D10,"Parking Lot, Garage",5828,MARTIN LUTHER KING,BLVD,,HOUSTON,77021.0
5482,3824521,2021-01-09,4,09A,"Murder, non-negligent",1,17E10,"Parking Lot, Garage",6550,HILLCROFT,AVE,,HOUSTON,77081.0
5447,3805621,2021-01-09,3,09A,"Murder, non-negligent",1,10H40,"Highway, Road, Street, Alley",2800,SAN JACINTO,ST,,HOUSTON,77004.0
3915,2709621,2021-01-06,20,09A,"Murder, non-negligent",1,12D10,"Residence, Home (Includes Apartment)",2119,THETA,,,HOUSTON,77034.0
3312,2238321,2021-01-05,21,09A,"Murder, non-negligent",1,8C10,"Commercial, Office Building",4621,LAURA KOPPE,RD,,HOUSTON,77016.0
1735,1116021,2021-01-03,14,09A,"Murder, non-negligent",1,6B20,"Highway, Road, Street, Alley",831,LITTLE YORK,RD,W,HOUSTON,77091.0
1707,1095221,2021-01-03,13,09A,"Murder, non-negligent",1,17E10,"Residence, Home (Includes Apartment)",6111,GLENMONT,DR,,HOUSTON,77081.0
1765,1144821,2021-01-03,15,09A,"Murder, non-negligent",1,6B40,Convenience Store,8015,DE PRIEST,ST,,HOUSTON,77088.0
1028,640321,2021-01-02,11,09A,"Murder, non-negligent",1,22B20,"Parking Lot, Garage",706,GREENS,RD,,HOUSTON,77060.0
678,399121,2021-01-01,19,09A,"Murder, non-negligent",1,13D20,"Residence, Home (Includes Apartment)",8700,GULF,FWY,,HOUSTON,77061.0
