X,Y,crime_id,report_number,address,offense_description,offense_category,state_offense_code,arrest_charge,charge_description,incident_timestamp,incident_time,day_of_week,hour_of_day,year,scout_car_area,precinct,block_id,neighborhood,council_district,zip_code,longitude,latitude,oid
-83.17947067,42.40936901,3716088,2112300266,Puritan St & Schaefer Hwy,MURDER / NON-NEGLIGENT MANSLAUGHTER (VOLUNTARY),HOMICIDE,901,9001,MURDER / NON-NEGLIGENT MANSLAUGHTER (VOLUNTARY),2021/12/31 06:20:00+00,1:20:00,5,1,2021,201,2,2.62E+14,Harmony Village,2,48235,-83.17947067,42.40936901,414467
-82.95060521,42.41390508,3715441,2112280333,Somerset Ave & Courville St,MURDER / NON-NEGLIGENT MANSLAUGHTER (VOLUNTARY),HOMICIDE,901,9001,MURDER / NON-NEGLIGENT MANSLAUGHTER (VOLUNTARY),2021/12/29 09:10:00+00,4:10:00,3,4,2021,911,9,2.62E+14,Outer Drive-Hayes,4,48224,-82.95060521,42.41390508,204392
-83.14350477,42.42799038,3715427,2112280296,Santa Rosa Dr & Margareta St,MURDER / NON-NEGLIGENT MANSLAUGHTER (VOLUNTARY),HOMICIDE,901,9001,MURDER / NON-NEGLIGENT MANSLAUGHTER (VOLUNTARY),2021/12/29 06:20:00+00,1:20:00,3,1,2021,1208,12,2.62E+14,Bagley,2,48221,-83.14350477,42.42799037,414348
-83.21279964,42.34543727,3715080,2112270279,Longacre St & Rutland St,MURDER / NON-NEGLIGENT MANSLAUGHTER (VOLUNTARY),HOMICIDE,901,9001,MURDER / NON-NEGLIGENT MANSLAUGHTER (VOLUNTARY),2021/12/28 06:21:00+00,1:21:00,2,1,2021,611,6,2.62E+14,Warren Ave Community,7,48228,-83.21279964,42.34543727,310602
-83.05099956,42.35680334,3715043,2112270215,E Canfield St & N I 75 Service Drive,MURDER / NON-NEGLIGENT MANSLAUGHTER (VOLUNTARY),HOMICIDE,901,9001,MURDER / NON-NEGLIGENT MANSLAUGHTER (VOLUNTARY),2021/12/28 01:34:00+00,20:34:00,1,20,2021,706,7,2.62E+14,Forest Park,5,48207,-83.05099956,42.35680334,204320
-83.14457804,42.39809383,3714588,2112260008,Prairie St & Eaton St,MURDER / NON-NEGLIGENT MANSLAUGHTER (VOLUNTARY),HOMICIDE,901,9001,MURDER / NON-NEGLIGENT MANSLAUGHTER (VOLUNTARY),2021/12/26 10:01:00+00,5:01:00,7,5,2021,1001,10,2.62E+14,Chalfonte,7,48238,-83.14457804,42.39809383,204244
-83.07008241,42.42582881,3714566,2112250195,E Nevada St & Charest St,MURDER / NON-NEGLIGENT MANSLAUGHTER (VOLUNTARY),HOMICIDE,901,9001,MURDER / NON-NEGLIGENT MANSLAUGHTER (VOLUNTARY),2021/12/26 06:57:00+00,1:57:00,7,1,2021,1107,11,2.62E+14,Cadillac Heights,3,48212,-83.07008241,42.42582881,204238
-82.94875368,42.447515,3714508,2112250114,Shakespeare St & Edmore Dr,MURDER / NON-NEGLIGENT MANSLAUGHTER (VOLUNTARY),HOMICIDE,901,9001,MURDER / NON-NEGLIGENT MANSLAUGHTER (VOLUNTARY),2021/12/25 22:28:00+00,17:28:00,6,17,2021,903,9,2.62E+14,Regent Park,3,48205,-82.94875368,42.447515,414208
-83.20400939,42.42852529,3714512,2112250138,Clarita St & Prevost St,MURDER / NON-NEGLIGENT MANSLAUGHTER (VOLUNTARY),HOMICIDE,901,9001,MURDER / NON-NEGLIGENT MANSLAUGHTER (VOLUNTARY),2021/12/25 15:30:00+00,10:30:00,6,10,2021,808,8,2.62E+14,College Park,2,48235,-83.20400939,42.42852529,310516
-83.19633959,42.39184601,3714249,2112240174,Grand River Ave & Whitcomb St,MURDER / NON-NEGLIGENT MANSLAUGHTER (VOLUNTARY),HOMICIDE,901,9001,MURDER / NON-NEGLIGENT MANSLAUGHTER (VOLUNTARY),2021/12/25 00:12:00+00,19:12:00,5,19,2021,202,2,2.62E+14,Cadillac Community,1,48227,-83.19633959,42.39184601,204184
-83.13213298,42.31451488,3714076,2112230309,Norman St & Belle St,MURDER / NON-NEGLIGENT MANSLAUGHTER (VOLUNTARY),HOMICIDE,901,9001,MURDER / NON-NEGLIGENT MANSLAUGHTER (VOLUNTARY),2021/12/24 08:53:00+00,3:53:00,5,3,2021,407,4,2.62E+14,Springwells,6,48209,-83.13213298,42.31451488,98295
-83.21997924,42.3542904,3714072,2112230297,Constance St & Penrod St,MURDER / NON-NEGLIGENT MANSLAUGHTER (VOLUNTARY),HOMICIDE,901,9001,MURDER / NON-NEGLIGENT MANSLAUGHTER (VOLUNTARY),2021/12/24 08:15:00+00,3:15:00,5,3,2021,610,6,2.62E+14,Warrendale,7,48228,-83.21997924,42.3542904,204158
-83.14547307,42.34122924,3713757,2112220348,Radcliffe St & Central St,MURDER / NON-NEGLIGENT MANSLAUGHTER (VOLUNTARY),HOMICIDE,901,9001,MURDER / NON-NEGLIGENT MANSLAUGHTER (VOLUNTARY),2021/12/22 10:00:00+00,5:00:00,3,5,2021,402,4,2.62E+14,Claytown,6,48210,-83.14547307,42.34122924,204095
-82.98491961,42.42968327,3711984,2112200323,Park Grove St & Schoenherr St,MURDER / NON-NEGLIGENT MANSLAUGHTER (VOLUNTARY),HOMICIDE,901,9001,MURDER / NON-NEGLIGENT MANSLAUGHTER (VOLUNTARY),2021/12/21 03:32:00+00,22:32:00,1,22,2021,905,9,2.62E+14,Franklin,3,48205,-82.98491961,42.42968327,98121
-83.08070712,42.41264915,3711570,2112190221,Victor St & Orleans St,MURDER / NON-NEGLIGENT MANSLAUGHTER (VOLUNTARY),HOMICIDE,901,9001,MURDER / NON-NEGLIGENT MANSLAUGHTER (VOLUNTARY),2021/12/20 01:55:00+00,20:55:00,7,20,2021,1110,11,2.62E+14,North Campau,3,48203,-83.08070712,42.41264915,413931
-83.09850003,42.32399469,3710625,2112170018,Brandon St & Clark St,MURDER / NON-NEGLIGENT MANSLAUGHTER (VOLUNTARY),HOMICIDE,901,9001,MURDER / NON-NEGLIGENT MANSLAUGHTER (VOLUNTARY),2021/12/17 11:02:00+00,6:02:00,5,6,2021,410,4,2.62E+14,Central Southwest,6,48209,-83.09850003,42.32399469,97914
-83.27730226,42.41204938,3710528,2112160176,Grove St & Telegraph Rd,MURDER / NON-NEGLIGENT MANSLAUGHTER (VOLUNTARY),HOMICIDE,901,9001,MURDER / NON-NEGLIGENT MANSLAUGHTER (VOLUNTARY),2021/12/16 21:40:00+00,16:40:00,4,16,2021,809,8,2.62E+14,Riverdale,1,48219,-83.27730226,42.41204938,310059
-82.94007623,42.40441457,3710266,2112160039,Courville St & Frankfort St,MURDER / NON-NEGLIGENT MANSLAUGHTER (VOLUNTARY),HOMICIDE,901,9001,MURDER / NON-NEGLIGENT MANSLAUGHTER (VOLUNTARY),2021/12/16 13:22:00+00,8:22:00,4,8,2021,504,5,2.62E+14,Morningside,4,48224,-82.94007623,42.40441457,413703
-83.02799369,42.33594643,3710192,2112150338,E Jefferson Ave & Saint Aubin St,MURDER / NON-NEGLIGENT MANSLAUGHTER (VOLUNTARY),HOMICIDE,901,9001,MURDER / NON-NEGLIGENT MANSLAUGHTER (VOLUNTARY),2021/12/16 05:58:00+00,0:58:00,4,0,2021,709,7,2.62E+14,Rivertown,5,48207,-83.02799368,42.33594643,203680
-83.13339243,42.37289237,3709720,2112140237,Collingwood St & Yosemite St,MURDER / NON-NEGLIGENT MANSLAUGHTER (VOLUNTARY),HOMICIDE,901,9001,MURDER / NON-NEGLIGENT MANSLAUGHTER (VOLUNTARY),2021/12/15 00:10:00+00,19:10:00,2,19,2021,1004,10,2.62E+14,Nardin Park,7,48204,-83.13339242,42.37289237,413629
-83.16258613,42.25910499,3709303,2112130218,S Beatrice St & Salliotte St,MURDER / NON-NEGLIGENT MANSLAUGHTER (VOLUNTARY),HOMICIDE,901,9001,MURDER / NON-NEGLIGENT MANSLAUGHTER (VOLUNTARY),2021/12/13 23:37:00+00,18:37:00,1,18,2021,415,4,2.62E+14,Boynton,6,48217,-83.16258613,42.25910499,413568
-83.12300392,42.41506908,3708053,2112100027,Grove St & Inverness St,MURDER / NON-NEGLIGENT MANSLAUGHTER (VOLUNTARY),HOMICIDE,901,9001,MURDER / NON-NEGLIGENT MANSLAUGHTER (VOLUNTARY),2021/12/10 12:30:00+00,7:30:00,5,7,2021,1212,12,2.62E+14,Martin Park,2,48221,-83.12300392,42.41506908,309644
-83.16986758,42.38119002,3707701,2112090079,Grand River Ave & Appoline,MURDER / NON-NEGLIGENT MANSLAUGHTER (VOLUNTARY),HOMICIDE,901,9001,MURDER / NON-NEGLIGENT MANSLAUGHTER (VOLUNTARY),2021/12/09 19:10:00+00,14:10:00,4,14,2021,205,2,2.62E+14,Grand River-I96,7,48227,-83.16986757,42.38119002,97536
-83.21970818,42.34701359,3707605,2112080400,Sawyer St & Penrod St,MURDER / NON-NEGLIGENT MANSLAUGHTER (VOLUNTARY),HOMICIDE,901,9001,MURDER / NON-NEGLIGENT MANSLAUGHTER (VOLUNTARY),2021/12/09 08:00:00+00,3:00:00,4,3,2021,610,6,2.62E+14,Warrendale,7,48228,-83.21970818,42.34701359,97523
-83.02202578,42.37528303,3706923,2112070054,Helen St & Frederick St,MURDER / NON-NEGLIGENT MANSLAUGHTER (VOLUNTARY),HOMICIDE,901,9001,MURDER / NON-NEGLIGENT MANSLAUGHTER (VOLUNTARY),2021/12/07 16:07:00+00,11:07:00,2,11,2021,704,7,2.62E+14,Gratiot Town/Ketterring,5,48211,-83.02202578,42.37528303,203196
-82.95678903,42.42972786,3706668,2112060237,Kelly Rd & Park Grove St,MURDER / NON-NEGLIGENT MANSLAUGHTER (VOLUNTARY),HOMICIDE,901,9001,MURDER / NON-NEGLIGENT MANSLAUGHTER (VOLUNTARY),2021/12/06 22:32:00+00,17:32:00,1,17,2021,907,9,2.62E+14,Moross-Morang,4,48224,-82.95678903,42.42972786,203158
-82.99782808,42.39177808,3706343,2112050307,E I 94 Service Drive & Saint Clair St,MURDER / NON-NEGLIGENT MANSLAUGHTER (VOLUNTARY),HOMICIDE,901,9001,MURDER / NON-NEGLIGENT MANSLAUGHTER (VOLUNTARY),2021/12/06 06:34:00+00,1:34:00,1,1,2021,501,5,2.62E+14,West End,4,48213,-82.99782808,42.39177808,413122
-82.958621,42.39755576,3706309,2112050209,Frankfort St & Marlborough St,MURDER / NON-NEGLIGENT MANSLAUGHTER (VOLUNTARY),HOMICIDE,901,9001,MURDER / NON-NEGLIGENT MANSLAUGHTER (VOLUNTARY),2021/12/06 00:30:00+00,19:30:00,7,19,2021,503,5,2.62E+14,Chandler Park-Chalmers,4,48224,-82.958621,42.39755575,97362
-83.08873375,42.36855455,3706097,2112050057,Pallister St & Poe St,MURDER / NON-NEGLIGENT MANSLAUGHTER (VOLUNTARY),HOMICIDE,901,9001,MURDER / NON-NEGLIGENT MANSLAUGHTER (VOLUNTARY),2021/12/05 13:50:00+00,8:50:00,7,8,2021,1008,10,2.62E+14,Henry Ford,5,48206,-83.08873375,42.36855455,309335
-83.15850177,42.26194762,3705620,2112030319,Gleason St & S Deacon St,MURDER / NON-NEGLIGENT MANSLAUGHTER (VOLUNTARY),HOMICIDE,901,9001,MURDER / NON-NEGLIGENT MANSLAUGHTER (VOLUNTARY),2021/12/04 03:45:00+00,22:45:00,5,22,2021,415,4,2.62E+14,Boynton,6,48217,-83.15850177,42.26194762,97235
-83.12978962,42.31283668,3705485,2112030160,Pitt St & Inglis St,MURDER / NON-NEGLIGENT MANSLAUGHTER (VOLUNTARY),HOMICIDE,901,9001,MURDER / NON-NEGLIGENT MANSLAUGHTER (VOLUNTARY),2021/12/03 20:30:00+00,15:30:00,5,15,2021,407,4,2.62E+14,Springwells,6,48209,-83.12978962,42.31283668,412986
-83.1875651,42.42901519,3704762,2112010272,Clarita St & Mark Twain St,MURDER / NON-NEGLIGENT MANSLAUGHTER (VOLUNTARY),HOMICIDE,901,9001,MURDER / NON-NEGLIGENT MANSLAUGHTER (VOLUNTARY),2021/12/02 03:00:00+00,22:00:00,3,22,2021,1206,12,2.62E+14,Winship,2,48235,-83.1875651,42.42901519,309113
-83.18062445,42.43456854,3704035,2111290325,Vassar Ave & Schaefer Hwy,MURDER / NON-NEGLIGENT MANSLAUGHTER (VOLUNTARY),HOMICIDE,901,9001,MURDER / NON-NEGLIGENT MANSLAUGHTER (VOLUNTARY),2021/11/30 05:15:00+00,0:15:00,2,0,2021,1201,12,2.62E+14,Schaefer 7/8 Lodge,2,48235,-83.18062445,42.43456854,97008
-83.25616639,42.38195756,3703391,2111270295,Dolson St & Lahser Rd,MURDER / NON-NEGLIGENT MANSLAUGHTER (VOLUNTARY),HOMICIDE,901,9001,MURDER / NON-NEGLIGENT MANSLAUGHTER (VOLUNTARY),2021/11/28 06:00:00+00,1:00:00,7,1,2021,600,6,2.62E+14,Brightmoor,1,48223,-83.25616639,42.38195756,96895
-83.0187937,42.41530162,3700863,2111200023,Gilbo St & Forestlawn St,MURDER / NON-NEGLIGENT MANSLAUGHTER (VOLUNTARY),HOMICIDE,901,9001,MURDER / NON-NEGLIGENT MANSLAUGHTER (VOLUNTARY),2021/11/20 11:20:00+00,6:20:00,6,6,2021,1112,11,2.62E+14,Airport Sub,3,48234,-83.0187937,42.41530162,202274
-83.04466953,42.40997475,3700784,2111190307,Alpena Ave & Emerald Springs Cir,MURDER / NON-NEGLIGENT MANSLAUGHTER (VOLUNTARY),HOMICIDE,901,9001,MURDER / NON-NEGLIGENT MANSLAUGHTER (VOLUNTARY),2021/11/20 05:55:00+00,0:55:00,6,0,2021,1111,11,2.62E+14,Buffalo Charles,3,48212,-83.04466953,42.40997475,308523
-83.1938944,42.43597076,3700359,2111180222,Robson St & Saint Martins Ave,MURDER / NON-NEGLIGENT MANSLAUGHTER (VOLUNTARY),HOMICIDE,901,9001,MURDER / NON-NEGLIGENT MANSLAUGHTER (VOLUNTARY),2021/11/18 22:27:00+00,17:27:00,4,17,2021,1206,12,2.62E+14,Seven Mile Lodge,2,48235,-83.1938944,42.43597076,96459
-83.19160267,42.35825694,3699795,2111170074,Joy Rd & Robson St,MURDER / NON-NEGLIGENT MANSLAUGHTER (VOLUNTARY),HOMICIDE,901,9001,MURDER / NON-NEGLIGENT MANSLAUGHTER (VOLUNTARY),2021/11/17 23:05:00+00,18:05:00,3,18,2021,207,2,2.62E+14,We Care Community,7,48228,-83.19160267,42.35825694,308399
-82.94300421,42.45049764,3699836,2111170105,8 Mile Rd & David Ave,MURDER / NON-NEGLIGENT MANSLAUGHTER (VOLUNTARY),HOMICIDE,901,9001,MURDER / NON-NEGLIGENT MANSLAUGHTER (VOLUNTARY),2021/11/17 19:04:00+00,14:04:00,3,14,2021,903,9,2.62E+14,Regent Park,3,48205,-82.9430042,42.45049764,202127
-83.23887068,42.42958021,3699265,2111160052,Evergreen Rd & W 7 Mile Rd,MURDER / NON-NEGLIGENT MANSLAUGHTER (VOLUNTARY),HOMICIDE,901,9001,MURDER / NON-NEGLIGENT MANSLAUGHTER (VOLUNTARY),2021/11/16 15:30:00+00,10:30:00,2,10,2021,802,8,2.62E+14,O'Hair Park,1,48219,-83.23887068,42.42958021,412062
-83.25110683,42.38133154,3699256,2111160028,Glendale St & Bentler St,MURDER / NON-NEGLIGENT MANSLAUGHTER (VOLUNTARY),HOMICIDE,901,9001,MURDER / NON-NEGLIGENT MANSLAUGHTER (VOLUNTARY),2021/11/16 13:57:00+00,8:57:00,2,8,2021,603,6,2.62E+14,Brightmoor,1,48223,-83.25110683,42.38133154,412057
-83.07165818,42.4199597,3698835,2111140279,Jerome St & Mitchell St,MURDER / NON-NEGLIGENT MANSLAUGHTER (VOLUNTARY),HOMICIDE,901,9001,MURDER / NON-NEGLIGENT MANSLAUGHTER (VOLUNTARY),2021/11/15 04:22:00+00,23:22:00,7,23,2021,1107,11,2.62E+14,Cadillac Heights,3,48212,-83.07165817,42.4199597,411988
-83.12434557,42.36763406,3698656,2111140136,N Martindale St & Joy Rd,MURDER / NON-NEGLIGENT MANSLAUGHTER (VOLUNTARY),HOMICIDE,901,9001,MURDER / NON-NEGLIGENT MANSLAUGHTER (VOLUNTARY),2021/11/14 20:00:00+00,15:00:00,7,15,2021,1007,10,2.62E+14,Petoskey-Otsego,5,48204,-83.12434557,42.36763406,96191
-83.00804727,42.41349479,3698118,2111120236,Conner St & College St,MURDER / NON-NEGLIGENT MANSLAUGHTER (VOLUNTARY),HOMICIDE,901,9001,MURDER / NON-NEGLIGENT MANSLAUGHTER (VOLUNTARY),2021/11/13 01:49:00+00,20:49:00,5,20,2021,908,9,2.62E+14,Airport Sub,4,48205,-83.00804727,42.41349479,96112
-83.23233392,42.35939327,3696241,2111070293,Dover St & Minock St,MURDER / NON-NEGLIGENT MANSLAUGHTER (VOLUNTARY),HOMICIDE,901,9001,MURDER / NON-NEGLIGENT MANSLAUGHTER (VOLUNTARY),2021/11/08 06:42:00+00,1:42:00,1,1,2021,607,6,2.62E+14,Franklin Park,7,48228,-83.23233392,42.35939327,201622
-83.17253523,42.4021895,3695603,2111050330,Sorrento St & Fenkell St,MURDER / NON-NEGLIGENT MANSLAUGHTER (VOLUNTARY),HOMICIDE,901,9001,MURDER / NON-NEGLIGENT MANSLAUGHTER (VOLUNTARY),2021/11/06 05:05:00+00,1:05:00,6,1,2021,203,2,2.62E+14,Bethune Community,2,48227,-83.17253523,42.40218949,95723
-82.99765386,42.44369883,3695431,2111050197,Fairmount Dr & Hamburg St,MURDER / NON-NEGLIGENT MANSLAUGHTER (VOLUNTARY),HOMICIDE,901,9001,MURDER / NON-NEGLIGENT MANSLAUGHTER (VOLUNTARY),2021/11/05 21:31:00+00,17:31:00,5,17,2021,901,9,2.62E+14,Conner Creek,3,48205,-82.99765386,42.44369883,411481
-83.25252193,42.38249971,3694467,2111030004,Chapel St & Halley St,MURDER / NON-NEGLIGENT MANSLAUGHTER (VOLUNTARY),HOMICIDE,901,9001,MURDER / NON-NEGLIGENT MANSLAUGHTER (VOLUNTARY),2021/11/03 08:32:00+00,4:32:00,3,4,2021,603,6,2.62E+14,Brightmoor,1,48223,-83.25252193,42.38249971,307605
-83.1217175,42.36565348,3694173,2111020082,Petoskey Ave & Otsego St,MURDER / NON-NEGLIGENT MANSLAUGHTER (VOLUNTARY),HOMICIDE,901,9001,MURDER / NON-NEGLIGENT MANSLAUGHTER (VOLUNTARY),2021/11/02 16:44:00+00,12:44:00,2,12,2021,1007,10,2.62E+14,Petoskey-Otsego,5,48204,-83.1217175,42.36565348,95519
-83.11742673,42.37616838,3693939,2111010253,W Boston Blvd & Wildemere St,MURDER / NON-NEGLIGENT MANSLAUGHTER (VOLUNTARY),HOMICIDE,901,9001,MURDER / NON-NEGLIGENT MANSLAUGHTER (VOLUNTARY),2021/11/01 22:42:00+00,18:42:00,1,18,2021,1005,10,2.62E+14,Dexter-Linwood,5,48206,-83.11742673,42.37616838,95492
-83.08289887,42.43290965,3693335,2110300321,Dequindre St & E 7 Mile Rd,MURDER / NON-NEGLIGENT MANSLAUGHTER (VOLUNTARY),HOMICIDE,901,9001,MURDER / NON-NEGLIGENT MANSLAUGHTER (VOLUNTARY),2021/10/31 06:44:00+00,2:44:00,7,2,2021,1101,11,2.62E+14,Northeast Central District,3,48203,-83.08289887,42.43290965,201203
-82.94864693,42.42786292,3693007,2110300067,Wayburn St & Casino St,MURDER / NON-NEGLIGENT MANSLAUGHTER (VOLUNTARY),HOMICIDE,901,9001,MURDER / NON-NEGLIGENT MANSLAUGHTER (VOLUNTARY),2021/10/30 11:20:00+00,7:20:00,6,7,2021,907,9,2.62E+14,Moross-Morang,4,48224,-82.94864693,42.42786292,411101
-83.15276895,42.37907915,3692618,2110290027,Northlawn St & Cortland St,MURDER / NON-NEGLIGENT MANSLAUGHTER (VOLUNTARY),HOMICIDE,901,9001,MURDER / NON-NEGLIGENT MANSLAUGHTER (VOLUNTARY),2021/10/29 09:41:00+00,5:41:00,5,5,2021,206,2,2.62E+14,Littlefield Community,7,48204,-83.15276895,42.37907915,201091
-82.98959467,42.37988261,3691798,2110270058,Saint Clair St & E Canfield St,MURDER / NON-NEGLIGENT MANSLAUGHTER (VOLUNTARY),HOMICIDE,901,9001,MURDER / NON-NEGLIGENT MANSLAUGHTER (VOLUNTARY),2021/10/27 11:29:00+00,7:29:00,3,7,2021,501,5,2.62E+14,East Canfield,4,48214,-82.98959467,42.37988261,307181
-83.22747205,42.42671,3691335,2110260020,Margareta St & Stahelin Ave,MURDER / NON-NEGLIGENT MANSLAUGHTER (VOLUNTARY),HOMICIDE,901,9001,MURDER / NON-NEGLIGENT MANSLAUGHTER (VOLUNTARY),2021/10/26 09:33:00+00,5:33:00,2,5,2021,807,8,2.62E+14,Evergreen-Outer Drive,1,48219,-83.22747205,42.42671,410876
-83.0223622,42.36726562,3690693,2110240077,Beaufait St & Gratiot Ave,MURDER / NON-NEGLIGENT MANSLAUGHTER (VOLUNTARY),HOMICIDE,901,9001,MURDER / NON-NEGLIGENT MANSLAUGHTER (VOLUNTARY),2021/10/24 13:18:00+00,9:18:00,7,9,2021,707,7,2.62E+14,Gratiot-Grand,5,48207,-83.0223622,42.36726561,410775
-83.12872675,42.35262888,3690549,2110230246,Colfax St & Allendale St,MURDER / NON-NEGLIGENT MANSLAUGHTER (VOLUNTARY),HOMICIDE,901,9001,MURDER / NON-NEGLIGENT MANSLAUGHTER (VOLUNTARY),2021/10/24 02:30:00+00,22:30:00,6,22,2021,1006,10,2.62E+14,Midwest,6,48204,-83.12872675,42.35262888,95014
-83.13444349,42.33110142,3690362,2110230062,Tarnow St & Michigan Ave,MURDER / NON-NEGLIGENT MANSLAUGHTER (VOLUNTARY),HOMICIDE,901,9001,MURDER / NON-NEGLIGENT MANSLAUGHTER (VOLUNTARY),2021/10/23 13:50:00+00,9:50:00,6,9,2021,405,4,2.62E+14,Claytown,6,48210,-83.13444349,42.33110142,410733
-82.9801711,42.43133794,3689094,2110200053,Gratiot Ave & Linnhurst St,MURDER / NON-NEGLIGENT MANSLAUGHTER (VOLUNTARY),HOMICIDE,901,9001,MURDER / NON-NEGLIGENT MANSLAUGHTER (VOLUNTARY),2021/10/20 13:01:00+00,9:01:00,3,9,2021,906,9,2.62E+14,Mapleridge,4,48205,-82.9801711,42.43133794,200590
-83.21653963,42.34336839,3688555,2110180364,W Warren Ave & S M 39 Service Drive,MURDER / NON-NEGLIGENT MANSLAUGHTER (VOLUNTARY),HOMICIDE,901,9001,MURDER / NON-NEGLIGENT MANSLAUGHTER (VOLUNTARY),2021/10/19 04:41:00+00,0:41:00,2,0,2021,612,6,2.62E+14,Warrendale,7,48228,-83.21653963,42.34336839,94726
-83.08258431,42.36669534,3688514,2110180356,W Grand Blvd & Lincoln St,MURDER / NON-NEGLIGENT MANSLAUGHTER (VOLUNTARY),HOMICIDE,901,9001,MURDER / NON-NEGLIGENT MANSLAUGHTER (VOLUNTARY),2021/10/19 03:50:00+00,23:50:00,1,23,2021,1008,10,2.62E+14,Henry Ford,5,48202,-83.08258431,42.36669534,200502
-83.05710252,42.42091619,3688268,2110180058,Nancy St & Eureka St,MURDER / NON-NEGLIGENT MANSLAUGHTER (VOLUNTARY),HOMICIDE,901,9001,MURDER / NON-NEGLIGENT MANSLAUGHTER (VOLUNTARY),2021/10/18 15:38:00+00,11:38:00,1,11,2021,1108,11,2.62E+14,Davison,3,48212,-83.05710252,42.42091619,306707
-83.00897686,42.43635289,3685458,2110110006,Lappin St & Beland St,MURDER / NON-NEGLIGENT MANSLAUGHTER (VOLUNTARY),HOMICIDE,901,9001,MURDER / NON-NEGLIGENT MANSLAUGHTER (VOLUNTARY),2021/10/11 08:23:00+00,4:23:00,1,4,2021,901,9,2.62E+14,Pulaski,3,48234,-83.00897686,42.43635289,200019
-83.17697258,42.4311569,3685164,2110100025,Littlefield St & W 7 Mile Rd,MURDER / NON-NEGLIGENT MANSLAUGHTER (VOLUNTARY),HOMICIDE,901,9001,MURDER / NON-NEGLIGENT MANSLAUGHTER (VOLUNTARY),2021/10/10 08:55:00+00,4:55:00,7,4,2021,1202,12,2.62E+14,Greenwich,2,48235,-83.17697258,42.4311569,94230
-83.19924423,42.41417337,3684767,2110090042,Greenfield Rd & Grove St,MURDER / NON-NEGLIGENT MANSLAUGHTER (VOLUNTARY),HOMICIDE,901,9001,MURDER / NON-NEGLIGENT MANSLAUGHTER (VOLUNTARY),2021/10/09 10:15:00+00,6:15:00,6,6,2021,201,2,2.62E+14,Hubbell-Puritan,1,48235,-83.19924423,42.41417336,409845
-82.97713554,42.40343483,3684104,2110070192,Camden Ave & Park Dr,MURDER / NON-NEGLIGENT MANSLAUGHTER (VOLUNTARY),HOMICIDE,901,9001,MURDER / NON-NEGLIGENT MANSLAUGHTER (VOLUNTARY),2021/10/07 20:30:00+00,16:30:00,4,16,2021,910,9,2.62E+14,Ravendale,4,48213,-82.97713554,42.40343483,306077
-83.00950211,42.43249946,3683850,2110060315,Eastwood St & Beland St,MURDER / NON-NEGLIGENT MANSLAUGHTER (VOLUNTARY),HOMICIDE,901,9001,MURDER / NON-NEGLIGENT MANSLAUGHTER (VOLUNTARY),2021/10/07 01:10:00+00,21:10:00,3,21,2021,904,9,2.62E+14,Mount Olivet,3,48234,-83.00950211,42.43249946,93994
-83.12235221,42.37710521,3682440,2110030093,Dexter Ave & Collingwood St,MURDER / NON-NEGLIGENT MANSLAUGHTER (VOLUNTARY),HOMICIDE,901,9001,MURDER / NON-NEGLIGENT MANSLAUGHTER (VOLUNTARY),2021/10/03 15:35:00+00,11:35:00,7,11,2021,1004,10,2.62E+14,Nardin Park,7,48206,-83.12235221,42.37710521,305796
-83.13161542,42.36577266,3682012,2110020013,Whitfield St & Grand River Ave,MURDER / NON-NEGLIGENT MANSLAUGHTER (VOLUNTARY),HOMICIDE,901,9001,MURDER / NON-NEGLIGENT MANSLAUGHTER (VOLUNTARY),2021/10/02 08:26:00+00,4:26:00,6,4,2021,1004,10,2.62E+14,Nardin Park,7,48204,-83.13161542,42.36577266,305725
-83.07210295,42.36842075,3680897,2109290033,W Baltimore St & Woodward Ave,MURDER / NON-NEGLIGENT MANSLAUGHTER (VOLUNTARY),HOMICIDE,901,9001,MURDER / NON-NEGLIGENT MANSLAUGHTER (VOLUNTARY),2021/09/29 09:12:00+00,5:12:00,3,5,2021,306,3,2.62E+14,Milwaukee Junction,5,48202,-83.07210295,42.36842075,305564
-83.13679204,42.35659248,3679797,2109260092,Military & Linsdale St,MURDER / NON-NEGLIGENT MANSLAUGHTER (VOLUNTARY),HOMICIDE,901,9001,MURDER / NON-NEGLIGENT MANSLAUGHTER (VOLUNTARY),2021/09/26 16:42:00+00,12:42:00,7,12,2021,1006,10,2.62E+14,Midwest,6,48204,-83.13679203,42.35659248,93419
-83.20625444,42.40134267,3679736,2109250307,Saint Marys St & Fenkell St,MURDER / NON-NEGLIGENT MANSLAUGHTER (VOLUNTARY),HOMICIDE,901,9001,MURDER / NON-NEGLIGENT MANSLAUGHTER (VOLUNTARY),2021/09/26 07:00:00+00,3:00:00,7,3,2021,812,8,2.62E+14,Crary/St Marys,1,48227,-83.20625444,42.40134267,305371
-82.99439591,42.41280713,3679823,2109260127,Bradford St & Saint Patrick St,MURDER / NON-NEGLIGENT MANSLAUGHTER (VOLUNTARY),HOMICIDE,901,9001,MURDER / NON-NEGLIGENT MANSLAUGHTER (VOLUNTARY),2021/09/26 06:00:00+00,2:00:00,7,2,2021,909,9,2.62E+14,Gratiot-Findlay,4,48205,-82.99439591,42.41280713,93429
-83.1158223,42.36748452,3679475,2109250081,Gladstone St & Dexter Ave,MURDER / NON-NEGLIGENT MANSLAUGHTER (VOLUNTARY),HOMICIDE,901,9001,MURDER / NON-NEGLIGENT MANSLAUGHTER (VOLUNTARY),2021/09/25 15:40:00+00,11:40:00,6,11,2021,1007,10,2.62E+14,Petoskey-Otsego,5,48206,-83.1158223,42.36748452,305320
-83.20252136,42.34597719,3679449,2109250045,Mansfield St & Majestic St,MURDER / NON-NEGLIGENT MANSLAUGHTER (VOLUNTARY),HOMICIDE,901,9001,MURDER / NON-NEGLIGENT MANSLAUGHTER (VOLUNTARY),2021/09/25 11:08:00+00,7:08:00,6,7,2021,611,6,2.62E+14,Warren Ave Community,7,48228,-83.20252136,42.34597719,199102
-82.99348326,42.41136013,3678892,2109230242,Bradford Ave & Wilfred St,MURDER / NON-NEGLIGENT MANSLAUGHTER (VOLUNTARY),HOMICIDE,901,9001,MURDER / NON-NEGLIGENT MANSLAUGHTER (VOLUNTARY),2021/09/24 00:48:00+00,20:48:00,4,20,2021,909,9,2.62E+14,Gratiot-Findlay,4,48213,-82.99348326,42.41136012,408954
-82.95235183,42.43531926,3677852,2109200413,McCormick St & Kelly Rd,MURDER / NON-NEGLIGENT MANSLAUGHTER (VOLUNTARY),HOMICIDE,901,9001,MURDER / NON-NEGLIGENT MANSLAUGHTER (VOLUNTARY),2021/09/21 05:47:00+00,1:47:00,2,1,2021,907,9,2.62E+14,Moross-Morang,4,48224,-82.95235183,42.43531926,305109
-83.05246739,42.35886363,3677561,2109200055,N I 75 Service Drive & E Forest Ave,MURDER / NON-NEGLIGENT MANSLAUGHTER (VOLUNTARY),HOMICIDE,901,9001,MURDER / NON-NEGLIGENT MANSLAUGHTER (VOLUNTARY),2021/09/20 12:10:00+00,8:10:00,1,8,2021,706,7,2.62E+14,Forest Park,5,48207,-83.05246739,42.35886363,408759
-83.04996485,42.42616309,3675924,2109150328,E Nevada St & Moenart St,MURDER / NON-NEGLIGENT MANSLAUGHTER (VOLUNTARY),HOMICIDE,901,9001,MURDER / NON-NEGLIGENT MANSLAUGHTER (VOLUNTARY),2021/09/16 05:10:00+00,1:10:00,4,1,2021,1108,11,2.62E+14,Krainz Woods,3,48234,-83.04996484,42.42616309,198615
-83.17493887,42.41663213,3675356,2109140212,Ward St & W McNichols Rd,MURDER / NON-NEGLIGENT MANSLAUGHTER (VOLUNTARY),HOMICIDE,901,9001,MURDER / NON-NEGLIGENT MANSLAUGHTER (VOLUNTARY),2021/09/14 21:31:00+00,17:31:00,2,17,2021,1207,12,2.62E+14,Schulze,2,48235,-83.17493887,42.41663213,92805
-83.06719363,42.40774072,3674742,2109120312,Maine St & Halleck St,MURDER / NON-NEGLIGENT MANSLAUGHTER (VOLUNTARY),HOMICIDE,901,9001,MURDER / NON-NEGLIGENT MANSLAUGHTER (VOLUNTARY),2021/09/13 05:46:00+00,1:46:00,1,1,2021,1110,11,2.62E+14,Campau/Banglatown,3,48212,-83.06719363,42.40774072,92710
-83.21908042,42.36502373,3674628,2109120198,W Chicago St & Rosemont Ave,MURDER / NON-NEGLIGENT MANSLAUGHTER (VOLUNTARY),HOMICIDE,901,9001,MURDER / NON-NEGLIGENT MANSLAUGHTER (VOLUNTARY),2021/09/12 23:03:00+00,19:03:00,7,19,2021,607,6,2.62E+14,Franklin Park,7,48228,-83.21908042,42.36502373,304599
-83.07396936,42.43292781,3674554,2109120169,E 7 Mile Rd & Brinker St,MURDER / NON-NEGLIGENT MANSLAUGHTER (VOLUNTARY),HOMICIDE,901,9001,MURDER / NON-NEGLIGENT MANSLAUGHTER (VOLUNTARY),2021/09/12 20:56:00+00,16:56:00,7,16,2021,1102,11,2.62E+14,Nolan,3,48234,-83.07396936,42.43292781,198410
-83.20998733,42.38217657,3674540,2109120116,Glendale St & Grandmont Ave,MURDER / NON-NEGLIGENT MANSLAUGHTER (VOLUNTARY),HOMICIDE,901,9001,MURDER / NON-NEGLIGENT MANSLAUGHTER (VOLUNTARY),2021/09/11 20:00:00+00,16:00:00,6,16,2021,605,6,2.62E+14,Schoolcraft Southfield,1,48227,-83.20998733,42.38217657,408266
-82.9939365,42.44198149,3673929,2109100313,Goulburn St & E State Fair St,MURDER / NON-NEGLIGENT MANSLAUGHTER (VOLUNTARY),HOMICIDE,901,9001,MURDER / NON-NEGLIGENT MANSLAUGHTER (VOLUNTARY),2021/09/11 02:28:00+00,22:28:00,5,22,2021,901,9,2.62E+14,Conner Creek,3,48205,-82.9939365,42.44198149,408172
-83.24138484,42.37634261,3673650,2109100003,Fielding St & Capitol St,MURDER / NON-NEGLIGENT MANSLAUGHTER (VOLUNTARY),HOMICIDE,901,9001,MURDER / NON-NEGLIGENT MANSLAUGHTER (VOLUNTARY),2021/09/10 08:31:00+00,4:31:00,5,4,2021,603,6,2.62E+14,Weatherby,7,48228,-83.24138484,42.37634261,408129
-83.15151553,42.40257981,3673618,2109090388,Fenkell St & Roselawn St,MURDER / NON-NEGLIGENT MANSLAUGHTER (VOLUNTARY),HOMICIDE,901,9001,MURDER / NON-NEGLIGENT MANSLAUGHTER (VOLUNTARY),2021/09/10 07:22:00+00,3:22:00,5,3,2021,1001,10,2.62E+14,Fitzgerald/Marygrove,2,48238,-83.15151553,42.40257981,198253
-83.21607656,42.3578643,3673238,2109080380,N M 39 Service Drive & Joy Rd,MURDER / NON-NEGLIGENT MANSLAUGHTER (VOLUNTARY),HOMICIDE,901,9001,MURDER / NON-NEGLIGENT MANSLAUGHTER (VOLUNTARY),2021/09/09 04:30:00+00,0:30:00,4,0,2021,608,6,2.62E+14,Joy Community,7,48228,-83.21607656,42.3578643,304378
-83.21690844,42.37971005,3672255,2109060235,Southfield Service Drive & Fullerton St,MURDER / NON-NEGLIGENT MANSLAUGHTER (VOLUNTARY),HOMICIDE,901,9001,MURDER / NON-NEGLIGENT MANSLAUGHTER (VOLUNTARY),2021/09/06 22:58:00+00,18:58:00,1,18,2021,605,6,2.62E+14,Schoolcraft Southfield,1,48223,-83.21690844,42.37971005,407957
-83.12132241,42.31387915,3671753,2109050051,W Vernor Hwy & N Green St,MURDER / NON-NEGLIGENT MANSLAUGHTER (VOLUNTARY),HOMICIDE,901,9001,MURDER / NON-NEGLIGENT MANSLAUGHTER (VOLUNTARY),2021/09/05 10:52:00+00,6:52:00,7,6,2021,407,4,2.62E+14,Springwells,6,48209,-83.12132241,42.31387915,92301
-83.06154976,42.44402599,3671738,2109050012,Sunset St & Amrad St,MURDER / NON-NEGLIGENT MANSLAUGHTER (VOLUNTARY),HOMICIDE,901,9001,MURDER / NON-NEGLIGENT MANSLAUGHTER (VOLUNTARY),2021/09/05 08:24:00+00,4:24:00,7,4,2021,1103,11,2.62E+14,Farwell,3,48234,-83.06154976,42.44402599,92297
-83.15846323,42.37129797,3671691,2109040280,Elmira St & Wyoming St,MURDER / NON-NEGLIGENT MANSLAUGHTER (VOLUNTARY),HOMICIDE,901,9001,MURDER / NON-NEGLIGENT MANSLAUGHTER (VOLUNTARY),2021/09/05 05:05:00+00,1:05:00,7,1,2021,208,2,2.62E+14,Barton-McFarland,7,48204,-83.15846323,42.37129797,407872
-82.94272421,42.39926614,3671421,2109040009,Buckingham Ave & Cornwall St,MURDER / NON-NEGLIGENT MANSLAUGHTER (VOLUNTARY),HOMICIDE,901,9001,MURDER / NON-NEGLIGENT MANSLAUGHTER (VOLUNTARY),2021/09/04 08:04:00+00,4:04:00,6,4,2021,506,5,2.62E+14,Morningside,4,48224,-82.9427242,42.39926614,197920
-83.08044982,42.4329231,3671348,2109030349,Lumpkin St & E 7 Mile Rd,MURDER / NON-NEGLIGENT MANSLAUGHTER (VOLUNTARY),HOMICIDE,901,9001,MURDER / NON-NEGLIGENT MANSLAUGHTER (VOLUNTARY),2021/09/04 02:48:00+00,22:48:00,5,22,2021,1102,11,2.62E+14,Nolan,3,48234,-83.08044982,42.4329231,304079
-83.25647387,42.38661863,3670588,2109020061,W Outer Dr & Jason St,MURDER / NON-NEGLIGENT MANSLAUGHTER (VOLUNTARY),HOMICIDE,901,9001,MURDER / NON-NEGLIGENT MANSLAUGHTER (VOLUNTARY),2021/09/02 12:40:00+00,8:40:00,4,8,2021,602,6,2.62E+14,Brightmoor,1,48223,-83.25647387,42.38661863,92156
-82.96547621,42.43543129,3670502,2109010393,Hayes St & E 7 Mile Rd,MURDER / NON-NEGLIGENT MANSLAUGHTER (VOLUNTARY),HOMICIDE,901,9001,MURDER / NON-NEGLIGENT MANSLAUGHTER (VOLUNTARY),2021/09/02 05:56:00+00,1:56:00,4,1,2021,903,9,2.62E+14,Regent Park,3,48205,-82.96547621,42.43543129,197776
-82.98681601,42.41853173,3670473,2109010354,August St & Park Dr,MURDER / NON-NEGLIGENT MANSLAUGHTER (VOLUNTARY),HOMICIDE,901,9001,MURDER / NON-NEGLIGENT MANSLAUGHTER (VOLUNTARY),2021/09/02 03:56:00+00,23:56:00,3,23,2021,909,9,2.62E+14,Eden Gardens,4,48205,-82.98681601,42.41853173,407651
-82.93728241,42.36822964,3670195,2109010065,Essex Ave & Manistique St,MURDER / NON-NEGLIGENT MANSLAUGHTER (VOLUNTARY),HOMICIDE,901,9001,MURDER / NON-NEGLIGENT MANSLAUGHTER (VOLUNTARY),2021/09/01 14:49:00+00,10:49:00,3,10,2021,512,5,2.62E+14,Jefferson Chalmers,4,48215,-82.93728241,42.36822964,303883
-83.19219262,42.37489835,3669570,2108300321,Wadsworth St & Robson St,MURDER / NON-NEGLIGENT MANSLAUGHTER (VOLUNTARY),HOMICIDE,901,9001,MURDER / NON-NEGLIGENT MANSLAUGHTER (VOLUNTARY),2021/08/31 01:00:00+00,21:00:00,1,21,2021,204,2,2.62E+14,Plymouth-Hubbell,7,48227,-83.19219262,42.37489835,92013
-82.94560659,42.38765591,3669166,2108290324,Maryland Ave & Mack Ave,MURDER / NON-NEGLIGENT MANSLAUGHTER (VOLUNTARY),HOMICIDE,901,9001,MURDER / NON-NEGLIGENT MANSLAUGHTER (VOLUNTARY),2021/08/30 05:49:00+00,1:49:00,1,1,2021,506,5,2.62E+14,Morningside,4,48224,-82.94560659,42.38765591,303715
-82.96788172,42.43302709,3669152,2108290248,Queen St & Saratoga St,MURDER / NON-NEGLIGENT MANSLAUGHTER (VOLUNTARY),HOMICIDE,901,9001,MURDER / NON-NEGLIGENT MANSLAUGHTER (VOLUNTARY),2021/08/30 00:11:00+00,20:11:00,7,20,2021,906,9,2.62E+14,Mapleridge,4,48205,-82.96788172,42.43302709,197592
-83.07664492,42.40832098,3668755,2108280230,Dearing St & Dequindre St,MURDER / NON-NEGLIGENT MANSLAUGHTER (VOLUNTARY),HOMICIDE,901,9001,MURDER / NON-NEGLIGENT MANSLAUGHTER (VOLUNTARY),2021/08/28 22:10:00+00,18:10:00,6,18,2021,1110,11,2.62E+14,Campau/Banglatown,3,48212,-83.07664492,42.40832098,303640
-83.22390633,42.36493969,3668160,2108270009,W Chicago St & Brace St,MURDER / NON-NEGLIGENT MANSLAUGHTER (VOLUNTARY),HOMICIDE,901,9001,MURDER / NON-NEGLIGENT MANSLAUGHTER (VOLUNTARY),2021/08/27 08:07:00+00,4:07:00,5,4,2021,607,6,2.62E+14,Franklin Park,7,48228,-83.22390633,42.36493969,303548
-83.07669286,42.39198703,3666813,2108230398,Oakland St & Belmont St,MURDER / NON-NEGLIGENT MANSLAUGHTER (VOLUNTARY),HOMICIDE,901,9001,MURDER / NON-NEGLIGENT MANSLAUGHTER (VOLUNTARY),2021/08/24 04:14:00+00,0:14:00,2,0,2021,301,3,2.62E+14,Gateway Community,5,48202,-83.07669285,42.39198703,197237
-83.15602291,42.44577882,3666413,2108220326,8 Mile Rd & Cherrylawn St,MURDER / NON-NEGLIGENT MANSLAUGHTER (VOLUNTARY),HOMICIDE,901,9001,MURDER / NON-NEGLIGENT MANSLAUGHTER (VOLUNTARY),2021/08/23 06:45:00+00,2:45:00,1,2,2021,1203,12,2.62E+14,Garden Homes,2,48221,-83.15602291,42.44577882,91555
-82.96575962,42.44268511,3665666,2108200233,E State Fair St & Hayes St,MURDER / NON-NEGLIGENT MANSLAUGHTER (VOLUNTARY),HOMICIDE,901,9001,MURDER / NON-NEGLIGENT MANSLAUGHTER (VOLUNTARY),2021/08/20 23:34:00+00,19:34:00,5,19,2021,902,9,2.62E+14,Regent Park,3,48205,-82.96575961,42.44268511,91442
-83.13551135,42.32812445,3664024,2108160041,Saint Stephens St & Central St,MURDER / NON-NEGLIGENT MANSLAUGHTER (VOLUNTARY),HOMICIDE,901,9001,MURDER / NON-NEGLIGENT MANSLAUGHTER (VOLUNTARY),2021/08/16 12:01:00+00,8:01:00,1,8,2021,405,4,2.62E+14,Claytown,6,48210,-83.13551135,42.32812445,91184
-83.04201555,42.33184747,3663350,2108140037,Brush St & E Congress St,MURDER / NON-NEGLIGENT MANSLAUGHTER (VOLUNTARY),HOMICIDE,901,9001,MURDER / NON-NEGLIGENT MANSLAUGHTER (VOLUNTARY),2021/08/14 09:52:00+00,5:52:00,6,5,2021,312,3,2.62E+14,Downtown,5,48226,-83.04201555,42.33184747,91090
-82.99250771,42.38401243,3662918,2108120281,Saint Clair St & E Warren Ave,MURDER / NON-NEGLIGENT MANSLAUGHTER (VOLUNTARY),HOMICIDE,901,9001,MURDER / NON-NEGLIGENT MANSLAUGHTER (VOLUNTARY),2021/08/13 02:19:00+00,22:19:00,4,22,2021,501,5,2.62E+14,West End,4,48214,-82.99250771,42.38401243,406478
-83.098671,42.3859064,3662887,2108120273,Byron St & Collingwood St,MURDER / NON-NEGLIGENT MANSLAUGHTER (VOLUNTARY),HOMICIDE,901,9001,MURDER / NON-NEGLIGENT MANSLAUGHTER (VOLUNTARY),2021/08/13 01:58:00+00,21:58:00,4,21,2021,1005,10,2.62E+14,Gateway Community,5,48206,-83.098671,42.3859064,302650
-83.11295526,42.35656902,3662369,2108110176,Larchmont St & Turner St,MURDER / NON-NEGLIGENT MANSLAUGHTER (VOLUNTARY),HOMICIDE,901,9001,MURDER / NON-NEGLIGENT MANSLAUGHTER (VOLUNTARY),2021/08/11 21:02:00+00,17:02:00,3,17,2021,1006,10,2.62E+14,Midwest,6,48204,-83.11295526,42.35656902,302563
-83.0671637,42.43304809,3662226,2108100355,Norwood St & E 7 Mile Rd,MURDER / NON-NEGLIGENT MANSLAUGHTER (VOLUNTARY),HOMICIDE,901,9001,MURDER / NON-NEGLIGENT MANSLAUGHTER (VOLUNTARY),2021/08/11 07:10:00+00,3:10:00,3,3,2021,1102,11,2.62E+14,Pershing,3,48234,-83.0671637,42.43304809,196530
-83.27382423,42.42315453,3662120,2108100233,Grand River Ave & Appleton St,MURDER / NON-NEGLIGENT MANSLAUGHTER (VOLUNTARY),HOMICIDE,901,9001,MURDER / NON-NEGLIGENT MANSLAUGHTER (VOLUNTARY),2021/08/11 00:17:00+00,20:17:00,2,20,2021,805,8,2.62E+14,Oak Grove,1,48219,-83.27382423,42.42315453,406331
-82.94084384,42.41019897,3661447,2108080283,Whittier St & Linville St,MURDER / NON-NEGLIGENT MANSLAUGHTER (VOLUNTARY),HOMICIDE,901,9001,MURDER / NON-NEGLIGENT MANSLAUGHTER (VOLUNTARY),2021/08/09 04:43:00+00,0:43:00,1,0,2021,504,5,2.62E+14,Morningside,4,48224,-82.94084384,42.41019897,196419
-83.25738703,42.4128616,3661420,2108080209,Grove St & Lahser Rd,MURDER / NON-NEGLIGENT MANSLAUGHTER (VOLUNTARY),HOMICIDE,901,9001,MURDER / NON-NEGLIGENT MANSLAUGHTER (VOLUNTARY),2021/08/09 00:13:00+00,20:13:00,7,20,2021,809,8,2.62E+14,Riverdale,1,48219,-83.25738703,42.4128616,302407
-83.25071503,42.40763974,3660932,2108070067,Puritan St & Westbrook St,MURDER / NON-NEGLIGENT MANSLAUGHTER (VOLUNTARY),HOMICIDE,901,9001,MURDER / NON-NEGLIGENT MANSLAUGHTER (VOLUNTARY),2021/08/07 12:30:00+00,8:30:00,6,8,2021,810,8,2.62E+14,Miller Grove,1,48219,-83.25071503,42.40763974,90681
-82.96854548,42.44895317,3660836,2108070014,Gratiot Ave & Carlisle St,MURDER / NON-NEGLIGENT MANSLAUGHTER (VOLUNTARY),HOMICIDE,901,9001,MURDER / NON-NEGLIGENT MANSLAUGHTER (VOLUNTARY),2021/08/07 07:56:00+00,3:56:00,6,3,2021,902,9,2.62E+14,Mohican Regent,3,48205,-82.96854548,42.44895317,196310
-83.23429878,42.34681618,3660688,2108060194,Plainview Ave & Sawyer St,MURDER / NON-NEGLIGENT MANSLAUGHTER (VOLUNTARY),HOMICIDE,901,9001,MURDER / NON-NEGLIGENT MANSLAUGHTER (VOLUNTARY),2021/08/06 21:38:00+00,17:38:00,5,17,2021,610,6,2.62E+14,Warrendale,7,48228,-83.23429878,42.34681618,196284
-83.13709236,42.34188556,3659969,2108040204,Braden St & Kirkwood St,MURDER / NON-NEGLIGENT MANSLAUGHTER (VOLUNTARY),HOMICIDE,901,9001,MURDER / NON-NEGLIGENT MANSLAUGHTER (VOLUNTARY),2021/08/04 23:10:00+00,19:10:00,3,19,2021,402,4,2.62E+14,Claytown,6,48210,-83.13709236,42.34188556,90522
-82.95144396,42.41866407,3659254,2108030009,Roxbury St & Yorkshire Rd,MURDER / NON-NEGLIGENT MANSLAUGHTER (VOLUNTARY),HOMICIDE,901,9001,MURDER / NON-NEGLIGENT MANSLAUGHTER (VOLUNTARY),2021/08/03 08:26:00+00,4:26:00,2,4,2021,907,9,2.62E+14,Yorkshire Woods,4,48224,-82.95144396,42.41866407,90418
-83.16306838,42.36610475,3658806,2108010163,Birwood St & W Chicago St,MURDER / NON-NEGLIGENT MANSLAUGHTER (VOLUNTARY),HOMICIDE,901,9001,MURDER / NON-NEGLIGENT MANSLAUGHTER (VOLUNTARY),2021/08/01 21:15:00+00,17:15:00,7,17,2021,208,2,2.62E+14,Barton-McFarland,7,48204,-83.16306838,42.36610475,90331
-83.11913785,42.39410212,3657153,2107270374,La Salle Blvd & W Davison St,MURDER / NON-NEGLIGENT MANSLAUGHTER (VOLUNTARY),HOMICIDE,901,9001,MURDER / NON-NEGLIGENT MANSLAUGHTER (VOLUNTARY),2021/07/28 07:18:00+00,3:18:00,3,3,2021,1003,10,2.62E+14,Dexter-Linwood,5,48238,-83.11913784,42.39410212,90047
-83.24494633,42.40236193,3656774,2107260331,Keeler St & Braile St,MURDER / NON-NEGLIGENT MANSLAUGHTER (VOLUNTARY),HOMICIDE,901,9001,MURDER / NON-NEGLIGENT MANSLAUGHTER (VOLUNTARY),2021/07/27 05:36:00+00,1:36:00,2,1,2021,805,8,2.62E+14,Brightmoor,1,48223,-83.24494633,42.40236192,89989
-83.15512722,42.26276453,3656680,2107260185,S Bassett St & Francis St,MURDER / NON-NEGLIGENT MANSLAUGHTER (VOLUNTARY),HOMICIDE,901,9001,MURDER / NON-NEGLIGENT MANSLAUGHTER (VOLUNTARY),2021/07/26 21:15:00+00,17:15:00,1,17,2021,415,4,2.62E+14,Boynton,6,48217,-83.15512722,42.26276453,89975
-83.14445209,42.3711816,3656477,2107260051,Bryden St & American St,MURDER / NON-NEGLIGENT MANSLAUGHTER (VOLUNTARY),HOMICIDE,901,9001,MURDER / NON-NEGLIGENT MANSLAUGHTER (VOLUNTARY),2021/07/26 11:20:00+00,7:20:00,1,7,2021,1004,10,2.62E+14,Oakman Blvd Community,7,48204,-83.14445209,42.3711816,301530
-83.21335344,42.33979811,3656563,2107260005,Longacre St & Whitlock St,MURDER / NON-NEGLIGENT MANSLAUGHTER (VOLUNTARY),HOMICIDE,901,9001,MURDER / NON-NEGLIGENT MANSLAUGHTER (VOLUNTARY),2021/07/26 08:00:00+00,4:00:00,1,4,2021,612,6,2.62E+14,Warren Ave Community,7,48228,-83.21335343,42.3397981,195590
-83.13638485,42.33531121,3656436,2107250281,Chopin St & Panama St,MURDER / NON-NEGLIGENT MANSLAUGHTER (VOLUNTARY),HOMICIDE,901,9001,MURDER / NON-NEGLIGENT MANSLAUGHTER (VOLUNTARY),2021/07/26 06:11:00+00,2:11:00,1,2,2021,402,4,2.62E+14,Claytown,6,48210,-83.13638485,42.33531121,89934
-83.09321236,42.33548323,3656435,2107250266,Martin Luther King Jr Blvd & 23rd St,MURDER / NON-NEGLIGENT MANSLAUGHTER (VOLUNTARY),HOMICIDE,901,9001,MURDER / NON-NEGLIGENT MANSLAUGHTER (VOLUNTARY),2021/07/26 04:56:00+00,0:56:00,1,0,2021,307,3,2.62E+14,Chadsey Condon,6,48208,-83.09321236,42.33548323,195574
-83.1676677,42.38828444,3656106,2107240284,Schoolcraft St & Manor,MURDER / NON-NEGLIGENT MANSLAUGHTER (VOLUNTARY),HOMICIDE,901,9001,MURDER / NON-NEGLIGENT MANSLAUGHTER (VOLUNTARY),2021/07/25 03:46:00+00,23:46:00,6,23,2021,203,2,2.62E+14,Northwest Community,7,48238,-83.1676677,42.38828444,89868
-83.06849614,42.43798706,3655480,2107220265,Revere St & E Lantz St,MURDER / NON-NEGLIGENT MANSLAUGHTER (VOLUNTARY),HOMICIDE,901,9001,MURDER / NON-NEGLIGENT MANSLAUGHTER (VOLUNTARY),2021/07/23 01:34:00+00,21:34:00,4,21,2021,1102,11,2.62E+14,Pershing,3,48234,-83.06849614,42.43798706,89752
-83.10558757,42.36867046,3655028,2107210254,Linwood St & Pingree St,MURDER / NON-NEGLIGENT MANSLAUGHTER (VOLUNTARY),HOMICIDE,901,9001,MURDER / NON-NEGLIGENT MANSLAUGHTER (VOLUNTARY),2021/07/22 00:38:00+00,20:38:00,3,20,2021,1007,10,2.62E+14,North LaSalle,5,48206,-83.10558757,42.36867046,195327
-83.24000701,42.37187785,3654843,2107210047,Stout St & Plymouth Rd,MURDER / NON-NEGLIGENT MANSLAUGHTER (VOLUNTARY),HOMICIDE,901,9001,MURDER / NON-NEGLIGENT MANSLAUGHTER (VOLUNTARY),2021/07/21 12:31:00+00,8:31:00,3,8,2021,603,6,2.62E+14,Weatherby,7,48228,-83.24000701,42.37187785,89663
-83.10481806,42.39086492,3653878,2107180161,Richton St & S M 10 Service Drive,MURDER / NON-NEGLIGENT MANSLAUGHTER (VOLUNTARY),HOMICIDE,901,9001,MURDER / NON-NEGLIGENT MANSLAUGHTER (VOLUNTARY),2021/07/18 20:22:00+00,16:22:00,7,16,2021,1005,10,2.62E+14,Dexter-Linwood,5,48206,-83.10481806,42.39086492,89501
-83.07285997,42.43183354,3653785,2107180046,Joseph Campau St & Conant St,MURDER / NON-NEGLIGENT MANSLAUGHTER (VOLUNTARY),HOMICIDE,901,9001,MURDER / NON-NEGLIGENT MANSLAUGHTER (VOLUNTARY),2021/07/18 10:44:00+00,6:44:00,7,6,2021,1107,11,2.62E+14,Northeast Central District,3,48234,-83.07285997,42.43183353,404918
-83.16063683,42.40022537,3653222,2107160033,Washburn St & Chalfonte St,MURDER / NON-NEGLIGENT MANSLAUGHTER (VOLUNTARY),HOMICIDE,901,9001,MURDER / NON-NEGLIGENT MANSLAUGHTER (VOLUNTARY),2021/07/16 11:00:00+00,7:00:00,5,7,2021,203,2,2.62E+14,Bethune Community,2,48238,-83.16063684,42.40022537,300978
-83.21323287,42.37231508,3652402,2107140031,Rutland St & Plymouth Rd,MURDER / NON-NEGLIGENT MANSLAUGHTER (VOLUNTARY),HOMICIDE,901,9001,MURDER / NON-NEGLIGENT MANSLAUGHTER (VOLUNTARY),2021/07/14 09:37:00+00,5:37:00,3,5,2021,608,6,2.62E+14,Joy Community,7,48227,-83.21323287,42.37231508,404695
-82.96931605,42.41223376,3651943,2107130020,Chelsea Ave & Chalmers St,MURDER / NON-NEGLIGENT MANSLAUGHTER (VOLUNTARY),HOMICIDE,901,9001,MURDER / NON-NEGLIGENT MANSLAUGHTER (VOLUNTARY),2021/07/13 10:03:00+00,6:03:00,2,6,2021,911,9,2.62E+14,Outer Drive-Hayes,4,48213,-82.96931605,42.41223376,300775
-82.92888314,42.40045558,3651950,2107120310,Grayton St & Waveney St,MURDER / NON-NEGLIGENT MANSLAUGHTER (VOLUNTARY),HOMICIDE,901,9001,MURDER / NON-NEGLIGENT MANSLAUGHTER (VOLUNTARY),2021/07/13 07:17:00+00,3:17:00,2,3,2021,507,5,2.62E+14,East English Village,4,48224,-82.92888314,42.40045558,194812
-83.13045344,42.38912575,3651393,2107100318,Waverly & Dexter Ave,MURDER / NON-NEGLIGENT MANSLAUGHTER (VOLUNTARY),HOMICIDE,901,9001,MURDER / NON-NEGLIGENT MANSLAUGHTER (VOLUNTARY),2021/07/11 06:32:00+00,2:32:00,7,2,2021,1002,10,2.62E+14,Russell Woods,7,48238,-83.13045344,42.38912575,300664
-82.94147726,42.42264552,3651351,2107100298,Morang Dr & McKinney Ave,MURDER / NON-NEGLIGENT MANSLAUGHTER (VOLUNTARY),HOMICIDE,901,9001,MURDER / NON-NEGLIGENT MANSLAUGHTER (VOLUNTARY),2021/07/11 05:23:00+00,1:23:00,7,1,2021,907,9,2.62E+14,Yorkshire Woods,4,48224,-82.94147726,42.42264552,404513
-83.21696636,42.4246428,3651575,2107110195,Pickford St & Archdale St,MURDER / NON-NEGLIGENT MANSLAUGHTER (VOLUNTARY),HOMICIDE,901,9001,MURDER / NON-NEGLIGENT MANSLAUGHTER (VOLUNTARY),2021/07/10 01:00:00+00,21:00:00,5,21,2021,808,8,2.62E+14,College Park,2,48235,-83.21696636,42.4246428,300699
-83.10237815,42.37434201,3650633,2107080238,Taylor St & 14th St,MURDER / NON-NEGLIGENT MANSLAUGHTER (VOLUNTARY),HOMICIDE,901,9001,MURDER / NON-NEGLIGENT MANSLAUGHTER (VOLUNTARY),2021/07/09 01:15:00+00,21:15:00,4,21,2021,1007,10,2.62E+14,North LaSalle,5,48206,-83.10237815,42.37434201,404385
-83.28373807,42.41672366,3650341,2107070375,Santa Maria St & Winston St,MURDER / NON-NEGLIGENT MANSLAUGHTER (VOLUNTARY),HOMICIDE,901,9001,MURDER / NON-NEGLIGENT MANSLAUGHTER (VOLUNTARY),2021/07/08 07:24:00+00,3:24:00,4,3,2021,805,8,2.62E+14,The Eye,1,48219,-83.28373807,42.41672366,404329
-83.14372587,42.40753417,3650312,2107070328,Monica St & Pilgrim St,MURDER / NON-NEGLIGENT MANSLAUGHTER (VOLUNTARY),HOMICIDE,901,9001,MURDER / NON-NEGLIGENT MANSLAUGHTER (VOLUNTARY),2021/07/08 03:37:00+00,23:37:00,3,23,2021,1211,12,2.62E+14,Fitzgerald/Marygrove,2,48238,-83.14372587,42.40753417,88931
-83.14193942,42.41715022,3650274,2107070144,W McNichols Rd & Stoepel St,MURDER / NON-NEGLIGENT MANSLAUGHTER (VOLUNTARY),HOMICIDE,901,9001,MURDER / NON-NEGLIGENT MANSLAUGHTER (VOLUNTARY),2021/07/07 20:30:00+00,16:30:00,3,16,2021,1208,12,2.62E+14,Bagley,2,48221,-83.14193942,42.41715022,404313
-82.95865077,42.45002142,3649635,2107060031,Rex St & 8 Mile Rd,MURDER / NON-NEGLIGENT MANSLAUGHTER (VOLUNTARY),HOMICIDE,901,9001,MURDER / NON-NEGLIGENT MANSLAUGHTER (VOLUNTARY)             ,2021/07/06 10:00:00+00,6:00:00,2,6,2021,902,9,2.62E+14,Regent Park,3,48205,-82.95865077,42.45002142,300362
-83.14375065,42.29080796,3649279,2107050034,Denmark St & Oakwood Blvd,MURDER / NON-NEGLIGENT MANSLAUGHTER (VOLUNTARY),HOMICIDE,901,9001,MURDER / NON-NEGLIGENT MANSLAUGHTER (VOLUNTARY),2021/07/05 09:09:00+00,5:09:00,1,5,2021,411,4,2.62E+14,Oakwood Heights,6,48217,-83.14375064,42.29080796,404150
-83.20633996,42.40313926,3649293,2107050001,Keeler St & Saint Marys St,MURDER / NON-NEGLIGENT MANSLAUGHTER (VOLUNTARY),HOMICIDE,901,9001,MURDER / NON-NEGLIGENT MANSLAUGHTER (VOLUNTARY),2021/07/05 07:00:00+00,3:00:00,1,3,2021,812,8,2.62E+14,Crary/St Marys,1,48227,-83.20633996,42.40313926,194363
-83.09577355,42.38696232,3649060,2107040092,Hamilton Ave & Collingwood St,MURDER / NON-NEGLIGENT MANSLAUGHTER (VOLUNTARY),HOMICIDE,901,9001,MURDER / NON-NEGLIGENT MANSLAUGHTER (VOLUNTARY),2021/07/04 13:20:00+00,9:20:00,7,9,2021,1005,10,2.62E+14,Gateway Community,5,48202,-83.09577355,42.38696232,404126
-83.09987843,42.36021208,3648700,2107030075,Grand Service Drive & Linwood St,MURDER / NON-NEGLIGENT MANSLAUGHTER (VOLUNTARY),HOMICIDE,901,9001,MURDER / NON-NEGLIGENT MANSLAUGHTER (VOLUNTARY),2021/07/03 13:09:00+00,9:09:00,6,9,2021,304,3,2.62E+14,NW Goldberg,5,48208,-83.09987844,42.36021208,300181
-83.19761372,42.40335032,3648682,2107030035,Prest St & Keeler St,MURDER / NON-NEGLIGENT MANSLAUGHTER (VOLUNTARY),HOMICIDE,901,9001,MURDER / NON-NEGLIGENT MANSLAUGHTER (VOLUNTARY),2021/07/03 08:30:00+00,4:30:00,6,4,2021,201,2,2.62E+14,Belmont,1,48227,-83.19761372,42.40335032,88688
-83.22924366,42.43347219,3648613,2107020282,Vassar Ave & Sunderland Rd,MURDER / NON-NEGLIGENT MANSLAUGHTER (VOLUNTARY),HOMICIDE,901,9001,MURDER / NON-NEGLIGENT MANSLAUGHTER (VOLUNTARY),2021/07/03 03:00:00+00,23:00:00,5,23,2021,803,8,2.62E+14,O'Hair Park,1,48219,-83.22924366,42.43347219,404039
-83.17002074,42.4146736,3648454,2107020161,Meyers Rd & James Couzens Fwy,MURDER / NON-NEGLIGENT MANSLAUGHTER (VOLUNTARY),HOMICIDE,901,9001,MURDER / NON-NEGLIGENT MANSLAUGHTER (VOLUNTARY),2021/07/02 21:25:00+00,17:25:00,5,17,2021,1210,12,2.62E+14,Fitzgerald/Marygrove,2,48235,-83.17002074,42.4146736,404013
-83.17811493,42.37625809,3647958,2106300360,Castleton St & Schaefer Hwy,MURDER / NON-NEGLIGENT MANSLAUGHTER (VOLUNTARY),HOMICIDE,901,9001,MURDER / NON-NEGLIGENT MANSLAUGHTER (VOLUNTARY),2021/07/01 06:23:00+00,2:23:00,4,2,2021,205,2,2.62E+14,Paveway,7,48227,-83.17811494,42.37625809,194097
-83.17811493,42.37625809,3647354,2106290076,Castleton St & Schaefer Hwy,MURDER / NON-NEGLIGENT MANSLAUGHTER (VOLUNTARY),HOMICIDE,901,9001,MURDER / NON-NEGLIGENT MANSLAUGHTER (VOLUNTARY),2021/06/29 17:09:00+00,13:09:00,2,13,2021,204,2,2.62E+14,Paveway,7,48227,-83.17811494,42.37625809,193986
-83.18923735,42.40906325,3647210,2106290006,Puritan St & Hubbell St,MURDER / NON-NEGLIGENT MANSLAUGHTER (VOLUNTARY),HOMICIDE,901,9001,MURDER / NON-NEGLIGENT MANSLAUGHTER (VOLUNTARY),2021/06/29 07:45:00+00,3:45:00,2,3,2021,201,2,2.62E+14,Hubbell-Puritan,1,48235,-83.18923735,42.40906325,193961
-83.05788149,42.33227424,3647180,2106280349,Bagley St & 3rd St,MURDER / NON-NEGLIGENT MANSLAUGHTER (VOLUNTARY),HOMICIDE,901,9001,MURDER / NON-NEGLIGENT MANSLAUGHTER (VOLUNTARY),2021/06/29 05:40:00+00,1:40:00,2,1,2021,311,3,2.62E+14,Downtown,6,48226,-83.05788149,42.33227424,403796
-83.21053881,42.42843309,3646258,2106250298,Ferguson St & Clarita St,MURDER / NON-NEGLIGENT MANSLAUGHTER (VOLUNTARY),HOMICIDE,901,9001,MURDER / NON-NEGLIGENT MANSLAUGHTER (VOLUNTARY),2021/06/26 07:14:00+00,3:14:00,6,3,2021,808,8,2.62E+14,College Park,2,48235,-83.21053881,42.42843309,193786
-83.08822237,42.367793,3645972,2106240320,Poe St & W Bethune St,MURDER / NON-NEGLIGENT MANSLAUGHTER (VOLUNTARY),HOMICIDE,901,9001,MURDER / NON-NEGLIGENT MANSLAUGHTER (VOLUNTARY),2021/06/25 05:35:00+00,1:35:00,5,1,2021,1008,10,2.62E+14,Henry Ford,5,48206,-83.08822237,42.367793,403604
-83.22718828,42.42262342,3644846,2106210292,Stahelin Ave & Curtis St,MURDER / NON-NEGLIGENT MANSLAUGHTER (VOLUNTARY),HOMICIDE,901,9001,MURDER / NON-NEGLIGENT MANSLAUGHTER (VOLUNTARY),2021/06/22 02:54:00+00,22:54:00,1,22,2021,807,8,2.62E+14,Evergreen-Outer Drive,1,48219,-83.22718828,42.42262342,88092
-83.15390981,42.42246216,3644850,2106210243,Thatcher St & Northlawn St,MURDER / NON-NEGLIGENT MANSLAUGHTER (VOLUNTARY),HOMICIDE,901,9001,MURDER / NON-NEGLIGENT MANSLAUGHTER (VOLUNTARY),2021/06/21 08:00:00+00,4:00:00,1,4,2021,1208,12,2.62E+14,Bagley,2,48221,-83.15390981,42.42246216,88094
-83.19378932,42.38719429,3644325,2106200062,Schoolcraft St & Coyle St,MURDER / NON-NEGLIGENT MANSLAUGHTER (VOLUNTARY),HOMICIDE,901,9001,MURDER / NON-NEGLIGENT MANSLAUGHTER (VOLUNTARY),2021/06/20 11:33:00+00,7:33:00,7,7,2021,202,2,2.62E+14,Schoolcraft Southfield,1,48227,-83.19378932,42.38719429,403361
-83.12740354,42.34083738,3644236,2106190320,Livernois Ave & McGraw St,MURDER / NON-NEGLIGENT MANSLAUGHTER (VOLUNTARY),HOMICIDE,901,9001,MURDER / NON-NEGLIGENT MANSLAUGHTER (VOLUNTARY),2021/06/20 05:50:00+00,1:50:00,7,1,2021,402,4,2.62E+14,Claytown,6,48210,-83.12740354,42.34083738,87985
-83.01644946,42.43912854,3643727,2106180147,E Outer Dr & ,MURDER / NON-NEGLIGENT MANSLAUGHTER (VOLUNTARY),HOMICIDE,901,9001,MURDER / NON-NEGLIGENT MANSLAUGHTER (VOLUNTARY),2021/06/18 18:25:00+00,14:25:00,5,14,2021,1105,11,2.62E+14,Nortown,3,48234,-83.01644946,42.43912854,87904
-83.04370529,42.44073154,3643111,2106160304,E Outer Dr & Mound Rd,MURDER / NON-NEGLIGENT MANSLAUGHTER (VOLUNTARY),HOMICIDE,901,9001,MURDER / NON-NEGLIGENT MANSLAUGHTER (VOLUNTARY),2021/06/17 05:00:00+00,1:00:00,4,1,2021,1104,11,2.62E+14,Farwell,3,48234,-83.04370529,42.44073153,299240
-83.02450559,42.44134969,3642410,2106140415,E Outer Dr & Van Dyke St,MURDER / NON-NEGLIGENT MANSLAUGHTER (VOLUNTARY),HOMICIDE,901,9001,MURDER / NON-NEGLIGENT MANSLAUGHTER (VOLUNTARY),2021/06/15 06:42:00+00,2:42:00,2,2,2021,1105,11,2.62E+14,Conner Creek,3,48234,-83.02450559,42.44134969,87697
-82.97585199,42.4495378,3643453,2106170371,8 Mile Rd & Regent Dr,MURDER / NON-NEGLIGENT MANSLAUGHTER (VOLUNTARY),HOMICIDE,901,9001,MURDER / NON-NEGLIGENT MANSLAUGHTER (VOLUNTARY),2021/06/15 05:11:00+00,1:11:00,2,1,2021,902,9,2.62E+14,Mohican Regent,3,48205,-82.97585199,42.4495378,193295
-83.24477693,42.41500266,3642047,2106140011,W McNichols Rd & Patton St,MURDER / NON-NEGLIGENT MANSLAUGHTER (VOLUNTARY),HOMICIDE,901,9001,MURDER / NON-NEGLIGENT MANSLAUGHTER (VOLUNTARY),2021/06/14 08:05:00+00,4:05:00,1,4,2021,806,8,2.62E+14,Holcomb Community,1,48219,-83.24477693,42.41500266,299069
-82.98899722,42.35538698,3641887,2106130169,E Jefferson Ave & Fischer Ave,MURDER / NON-NEGLIGENT MANSLAUGHTER (VOLUNTARY),HOMICIDE,901,9001,MURDER / NON-NEGLIGENT MANSLAUGHTER (VOLUNTARY),2021/06/13 21:09:00+00,17:09:00,7,17,2021,711,7,2.62E+14,Gold Coast,5,48214,-82.98899722,42.35538698,402951
-83.03185215,42.44118613,3641779,2106130075,E Outer Dr & Helen St,MURDER / NON-NEGLIGENT MANSLAUGHTER (VOLUNTARY),HOMICIDE,901,9001,MURDER / NON-NEGLIGENT MANSLAUGHTER (VOLUNTARY),2021/06/13 12:33:00+00,8:33:00,7,8,2021,1104,11,2.62E+14,Sherwood,3,48234,-83.03185214,42.44118613,299017
-83.14663962,42.27551276,3641479,2106120201,Schaefer & S Ethel St,MURDER / NON-NEGLIGENT MANSLAUGHTER (VOLUNTARY),HOMICIDE,901,9001,MURDER / NON-NEGLIGENT MANSLAUGHTER (VOLUNTARY),2021/06/12 22:53:00+00,18:53:00,6,18,2021,415,4,2.62E+14,Boynton,6,48217,-83.14663962,42.27551276,87539
-83.01788845,42.34029978,3641174,2106110178, & McDougall,MURDER / NON-NEGLIGENT MANSLAUGHTER (VOLUNTARY),HOMICIDE,901,9001,MURDER / NON-NEGLIGENT MANSLAUGHTER (VOLUNTARY),2021/06/11 20:32:00+00,16:32:00,5,16,2021,710,7,2.62E+14,Elmwood Park,5,48207,-83.01788845,42.34029978,402824
-83.12034211,42.3311201,3641237,2106110237,Livernois Ave & Michigan Ave,MURDER / NON-NEGLIGENT MANSLAUGHTER (VOLUNTARY),HOMICIDE,901,9001,MURDER / NON-NEGLIGENT MANSLAUGHTER (VOLUNTARY),2021/06/11 10:10:00+00,6:10:00,5,6,2021,405,4,2.62E+14,Claytown,6,48210,-83.12034211,42.33112009,402832
-83.10102306,42.38396186,3640932,2106100304,Woodrow Wilson St & Calvert St,MURDER / NON-NEGLIGENT MANSLAUGHTER (VOLUNTARY),HOMICIDE,901,9001,MURDER / NON-NEGLIGENT MANSLAUGHTER (VOLUNTARY),2021/06/11 02:25:00+00,22:25:00,4,22,2021,1005,10,2.62E+14,Dexter-Linwood,5,48206,-83.10102306,42.38396186,87452
-83.02710645,42.39271312,3640399,2106090170,Saint Cyril Ave & Erbie St,MURDER / NON-NEGLIGENT MANSLAUGHTER (VOLUNTARY),HOMICIDE,901,9001,MURDER / NON-NEGLIGENT MANSLAUGHTER (VOLUNTARY),2021/06/09 20:31:00+00,16:31:00,3,16,2021,1112,11,2.62E+14,Airport Sub,3,48213,-83.02710645,42.39271312,192772
-83.21431722,42.36756198,3639757,2106070266,Longacre St & Orangelawn St,MURDER / NON-NEGLIGENT MANSLAUGHTER (VOLUNTARY),HOMICIDE,901,9001,MURDER / NON-NEGLIGENT MANSLAUGHTER (VOLUNTARY),2021/06/08 01:05:00+00,21:05:00,1,21,2021,603,6,2.62E+14,Joy Community,7,48227,-83.21431722,42.36756198,192665
-83.02209444,42.35416602,3638450,2106060335,Hendricks St & Moran St,MURDER / NON-NEGLIGENT MANSLAUGHTER (VOLUNTARY),HOMICIDE,901,9001,MURDER / NON-NEGLIGENT MANSLAUGHTER (VOLUNTARY),2021/06/07 06:44:00+00,2:44:00,1,2,2021,710,7,2.62E+14,Elmwood Park,5,48207,-83.02209444,42.35416602,192612
-83.02781737,42.33602364,3636339,2106010031,E Jefferson Ave & Saint Aubin St,MURDER / NON-NEGLIGENT MANSLAUGHTER (VOLUNTARY),HOMICIDE,901,9001,MURDER / NON-NEGLIGENT MANSLAUGHTER (VOLUNTARY),2021/06/01 09:28:00+00,5:28:00,2,5,2021,709,7,2.62E+14,Rivertown,5,48207,-83.02781737,42.33602364,298339
-83.0528004,42.43591863,3636277,2105310246,Emery St & Conley St,MURDER / NON-NEGLIGENT MANSLAUGHTER (VOLUNTARY),HOMICIDE,901,9001,MURDER / NON-NEGLIGENT MANSLAUGHTER (VOLUNTARY),2021/06/01 02:47:00+00,22:47:00,1,22,2021,1103,11,2.62E+14,Farwell,3,48234,-83.0528004,42.43591863,86852
-83.14578782,42.34392803,3636092,2105310049,Holmes St & Central St,MURDER / NON-NEGLIGENT MANSLAUGHTER (VOLUNTARY),HOMICIDE,901,9001,MURDER / NON-NEGLIGENT MANSLAUGHTER (VOLUNTARY),2021/05/31 10:30:00+00,6:30:00,1,6,2021,401,4,2.62E+14,Claytown,6,48210,-83.14578782,42.34392803,298274
-83.12547312,42.32831562,3635768,2105300084,Edward & Martin St,MURDER / NON-NEGLIGENT MANSLAUGHTER (VOLUNTARY),HOMICIDE,901,9001,MURDER / NON-NEGLIGENT MANSLAUGHTER (VOLUNTARY),2021/05/30 14:24:00+00,10:24:00,7,10,2021,405,4,2.62E+14,Claytown,6,48210,-83.12547312,42.32831562,192149
-83.03874163,42.42867723,3635559,2105290205,Mount Elliott St & Stockton St,MURDER / NON-NEGLIGENT MANSLAUGHTER (VOLUNTARY),HOMICIDE,901,9001,MURDER / NON-NEGLIGENT MANSLAUGHTER (VOLUNTARY),2021/05/30 00:30:00+00,20:30:00,6,20,2021,1109,11,2.62E+14,Grant,3,48234,-83.03874163,42.42867723,402082
-83.02751333,42.43299246,3634963,2105270362,E Brentwood St & Packard St,MURDER / NON-NEGLIGENT MANSLAUGHTER (VOLUNTARY),HOMICIDE,901,9001,MURDER / NON-NEGLIGENT MANSLAUGHTER (VOLUNTARY),2021/05/28 05:15:00+00,1:15:00,5,1,2021,1109,11,2.62E+14,Grant,3,48234,-83.02751333,42.43299246,86671
-82.98578316,42.42648316,3634941,2105270342,E McNichols Rd & Pelkey St,MURDER / NON-NEGLIGENT MANSLAUGHTER (VOLUNTARY),HOMICIDE,901,9001,MURDER / NON-NEGLIGENT MANSLAUGHTER (VOLUNTARY),2021/05/28 03:57:00+00,23:57:00,4,23,2021,909,9,2.62E+14,Gratiot-Findlay,4,48205,-82.98578316,42.42648316,401993
-83.2219607,42.42703979,3634904,2105270233,Rosemont Ave & Margareta St,MURDER / NON-NEGLIGENT MANSLAUGHTER (VOLUNTARY),HOMICIDE,901,9001,MURDER / NON-NEGLIGENT MANSLAUGHTER (VOLUNTARY),2021/05/27 22:25:00+00,18:25:00,4,18,2021,807,8,2.62E+14,Evergreen-Outer Drive,2,48219,-83.2219607,42.42703979,192004
-83.18591429,42.35601307,3634255,2105250396,Mackenzie St & Strathmoor St,MURDER / NON-NEGLIGENT MANSLAUGHTER (VOLUNTARY),HOMICIDE,901,9001,MURDER / NON-NEGLIGENT MANSLAUGHTER (VOLUNTARY),2021/05/26 07:23:00+00,3:23:00,3,3,2021,207,2,2.62E+14,Joy-Schaefer,7,48228,-83.18591429,42.35601307,401902
-83.09687029,42.38858089,3633753,2105240367,Hamilton Ave & Burlingame St,MURDER / NON-NEGLIGENT MANSLAUGHTER (VOLUNTARY),HOMICIDE,901,9001,MURDER / NON-NEGLIGENT MANSLAUGHTER (VOLUNTARY),2021/05/25 03:50:00+00,23:50:00,1,23,2021,1005,10,2.62E+14,Gateway Community,5,48202,-83.09687029,42.38858089,86468
-83.14400541,42.35354616,3633345,2105240021,American St & Garden St,MURDER / NON-NEGLIGENT MANSLAUGHTER (VOLUNTARY),HOMICIDE,901,9001,MURDER / NON-NEGLIGENT MANSLAUGHTER (VOLUNTARY),2021/05/24 08:57:00+00,4:57:00,1,4,2021,210,2,2.62E+14,Midwest,6,48204,-83.14400541,42.35354615,86397
-83.1955368,42.38384055,3632927,2105220266,Tyler St & Whitcomb St,MURDER / NON-NEGLIGENT MANSLAUGHTER (VOLUNTARY),HOMICIDE,901,9001,MURDER / NON-NEGLIGENT MANSLAUGHTER (VOLUNTARY),2021/05/23 03:10:00+00,23:10:00,6,23,2021,204,2,2.62E+14,Schoolcraft Southfield,1,48227,-83.1955368,42.38384055,191711
-83.0414477,42.33629983,3632224,2105210013,Macomb St & Saint Antoine St,MURDER / NON-NEGLIGENT MANSLAUGHTER (VOLUNTARY),HOMICIDE,901,9001,MURDER / NON-NEGLIGENT MANSLAUGHTER (VOLUNTARY),2021/05/21 08:03:00+00,4:03:00,5,4,2021,312,3,2.62E+14,Downtown,5,48226,-83.0414477,42.33629983,401602
-82.95885228,42.39545623,3631717,2105190427,Chalmers St & E Warren Ave,MURDER / NON-NEGLIGENT MANSLAUGHTER (VOLUNTARY),HOMICIDE,901,9001,MURDER / NON-NEGLIGENT MANSLAUGHTER (VOLUNTARY),2021/05/20 06:57:00+00,2:57:00,4,2,2021,503,5,2.62E+14,Chandler Park-Chalmers,4,48213,-82.95885228,42.39545623,401515
-83.06095535,42.43318544,3631637,2105190286,E 7 Mile Rd & Sunset St,MURDER / NON-NEGLIGENT MANSLAUGHTER (VOLUNTARY),HOMICIDE,901,9001,MURDER / NON-NEGLIGENT MANSLAUGHTER (VOLUNTARY),2021/05/20 00:15:00+00,20:15:00,3,20,2021,1108,11,2.62E+14,Krainz Woods,3,48234,-83.06095535,42.43318544,191524
-83.07945877,42.44026813,3631496,2105190233,E Outer Dr & Fleming St,MURDER / NON-NEGLIGENT MANSLAUGHTER (VOLUNTARY),HOMICIDE,901,9001,MURDER / NON-NEGLIGENT MANSLAUGHTER (VOLUNTARY),2021/05/19 20:49:00+00,16:49:00,3,16,2021,1102,11,2.62E+14,Nolan,3,48234,-83.07945877,42.44026813,401488
-83.18704053,42.41157575,3630473,2105160300,Mark Twain St & Florence St,MURDER / NON-NEGLIGENT MANSLAUGHTER (VOLUNTARY),HOMICIDE,901,9001,MURDER / NON-NEGLIGENT MANSLAUGHTER (VOLUNTARY),2021/05/17 05:20:00+00,1:20:00,1,1,2021,201,2,2.62E+14,Hubbell-Puritan,1,48235,-83.18704053,42.41157575,86016
-83.17370703,42.40217282,3629794,2105140390,Ward St & Fenkell St,MURDER / NON-NEGLIGENT MANSLAUGHTER (VOLUNTARY),HOMICIDE,901,9001,MURDER / NON-NEGLIGENT MANSLAUGHTER (VOLUNTARY),2021/05/15 05:48:00+00,1:48:00,6,1,2021,1210,12,2.62E+14,Bethune Community,2,48227,-83.17370703,42.40217282,297297
-83.2308498,42.42664325,3629753,2105140342,Margareta St & Shaftsbury Ave,MURDER / NON-NEGLIGENT MANSLAUGHTER (VOLUNTARY),HOMICIDE,901,9001,MURDER / NON-NEGLIGENT MANSLAUGHTER (VOLUNTARY),2021/05/15 03:24:00+00,23:24:00,5,23,2021,807,8,2.62E+14,Evergreen-Outer Drive,1,48219,-83.2308498,42.42664325,401262
-83.1938314,42.40167282,3628945,2105130015,Coyle St & Fenkell St,MURDER / NON-NEGLIGENT MANSLAUGHTER (VOLUNTARY),HOMICIDE,901,9001,MURDER / NON-NEGLIGENT MANSLAUGHTER (VOLUNTARY),2021/05/13 08:20:00+00,4:20:00,4,4,2021,202,2,2.62E+14,Hubbell-Lyndon,1,48227,-83.1938314,42.40167282,85807
-83.11969066,42.39492287,3628477,2105110374,La Salle Blvd & Clements St,MURDER / NON-NEGLIGENT MANSLAUGHTER (VOLUNTARY),HOMICIDE,901,9001,MURDER / NON-NEGLIGENT MANSLAUGHTER (VOLUNTARY),2021/05/12 04:25:00+00,0:25:00,3,0,2021,1003,10,2.62E+14,Oakman Blvd Community,2,48238,-83.11969066,42.39492287,297092
-83.0889653,42.43993439,3628045,2105100414,E State Fair St & Hull St,MURDER / NON-NEGLIGENT MANSLAUGHTER (VOLUNTARY),HOMICIDE,901,9001,MURDER / NON-NEGLIGENT MANSLAUGHTER (VOLUNTARY),2021/05/11 05:47:00+00,1:47:00,2,1,2021,1101,11,2.62E+14,Nolan,3,48203,-83.0889653,42.43993439,401044
-82.97164269,42.40531331,3627096,2105080008,Camden Ave & Coplin St,MURDER / NON-NEGLIGENT MANSLAUGHTER (VOLUNTARY),HOMICIDE,901,9001,MURDER / NON-NEGLIGENT MANSLAUGHTER (VOLUNTARY),2021/05/08 08:29:00+00,4:29:00,6,4,2021,910,9,2.62E+14,Outer Drive-Hayes,4,48213,-82.97164269,42.40531331,400891
-83.14063417,42.41469906,3626149,2105050148,Grove St & Livernois Ave,MURDER / NON-NEGLIGENT MANSLAUGHTER (VOLUNTARY),HOMICIDE,901,9001,MURDER / NON-NEGLIGENT MANSLAUGHTER (VOLUNTARY),2021/05/05 20:25:00+00,16:25:00,3,16,2021,1212,12,2.62E+14,Martin Park,2,48221,-83.14063417,42.41469906,85455
-83.15893035,42.38365696,3625724,2105040102,Wyoming St & W Buena Vista St,MURDER / NON-NEGLIGENT MANSLAUGHTER (VOLUNTARY),HOMICIDE,901,9001,MURDER / NON-NEGLIGENT MANSLAUGHTER (VOLUNTARY),2021/05/04 13:02:00+00,9:02:00,2,9,2021,205,2,2.62E+14,Grand River-I96,7,48238,-83.15893034,42.38365696,85391
-82.98046754,42.44152127,3625323,2105030151,Tacoma St & Hoyt St,MURDER / NON-NEGLIGENT MANSLAUGHTER (VOLUNTARY),HOMICIDE,901,9001,MURDER / NON-NEGLIGENT MANSLAUGHTER (VOLUNTARY),2021/05/03 19:10:00+00,15:10:00,1,15,2021,902,9,2.62E+14,Franklin,3,48205,-82.98046754,42.44152127,400646
-83.21332781,42.37450754,3625192,2105020317,Wadsworth St & Rutland St,MURDER / NON-NEGLIGENT MANSLAUGHTER (VOLUNTARY),HOMICIDE,901,9001,MURDER / NON-NEGLIGENT MANSLAUGHTER (VOLUNTARY),2021/05/03 06:51:00+00,2:51:00,1,2,2021,605,6,2.62E+14,Plymouth-I96,7,48227,-83.21332781,42.37450754,296625
-82.98210954,42.37149689,3624445,2104300365,Charlevoix St & Harding St,MURDER / NON-NEGLIGENT MANSLAUGHTER (VOLUNTARY),HOMICIDE,901,9001,MURDER / NON-NEGLIGENT MANSLAUGHTER (VOLUNTARY),2021/05/01 06:37:00+00,2:37:00,6,2,2021,508,5,2.62E+14,East Village,5,48214,-82.98210954,42.37149688,296506
-83.1269946,42.41738105,3623597,2104280395,Normandy St & W McNichols Rd,MURDER / NON-NEGLIGENT MANSLAUGHTER (VOLUNTARY),HOMICIDE,901,9001,MURDER / NON-NEGLIGENT MANSLAUGHTER (VOLUNTARY),2021/04/29 05:38:00+00,1:38:00,4,1,2021,1212,12,2.62E+14,Martin Park,2,48221,-83.1269946,42.41738105,85109
-83.09532238,42.44679717,3623174,2104270413,8 Mile Rd & S I 75 Service Drive,MURDER / NON-NEGLIGENT MANSLAUGHTER (VOLUNTARY),HOMICIDE,901,9001,MURDER / NON-NEGLIGENT MANSLAUGHTER (VOLUNTARY),2021/04/28 06:59:00+00,2:59:00,3,2,2021,1101,11,2.62E+14,Nolan,3,48203,-83.09532238,42.44679717,85067
-83.13810517,42.33462169,3622305,2104250141,Proctor St & Panama St,MURDER / NON-NEGLIGENT MANSLAUGHTER (VOLUNTARY),HOMICIDE,901,9001,MURDER / NON-NEGLIGENT MANSLAUGHTER (VOLUNTARY),2021/04/25 09:03:00+00,5:03:00,7,5,2021,402,4,2.62E+14,Claytown,6,48210,-83.13810517,42.33462169,190205
-83.17958428,42.41180799,3622120,2104240337,Schaefer Hwy & Florence St,MURDER / NON-NEGLIGENT MANSLAUGHTER (VOLUNTARY),HOMICIDE,901,9001,MURDER / NON-NEGLIGENT MANSLAUGHTER (VOLUNTARY),2021/04/25 07:29:00+00,3:29:00,7,3,2021,201,2,2.62E+14,Harmony Village,2,48235,-83.17958428,42.41180799,400257
-83.00706144,42.43257537,3621763,2104240015,Eastwood St & Runyon St,MURDER / NON-NEGLIGENT MANSLAUGHTER (VOLUNTARY),HOMICIDE,901,9001,MURDER / NON-NEGLIGENT MANSLAUGHTER (VOLUNTARY),2021/04/24 09:00:00+00,5:00:00,6,5,2021,904,9,2.62E+14,Von Steuben,3,48234,-83.00706144,42.43257537,296151
-83.05466862,42.41521936,3621764,2104230360,Luce St & Eureka St,MURDER / NON-NEGLIGENT MANSLAUGHTER (VOLUNTARY),HOMICIDE,901,9001,MURDER / NON-NEGLIGENT MANSLAUGHTER (VOLUNTARY),2021/04/24 06:50:00+00,2:50:00,6,2,2021,1111,11,2.62E+14,Davison,3,48212,-83.05466862,42.41521936,84881
-83.13146426,42.40468751,3621619,2104230169,Parkside St & Keeler Ave,MURDER / NON-NEGLIGENT MANSLAUGHTER (VOLUNTARY),HOMICIDE,901,9001,MURDER / NON-NEGLIGENT MANSLAUGHTER (VOLUNTARY),2021/04/23 08:00:00+00,4:00:00,5,4,2021,1001,10,2.62E+14,Pilgrim Village,2,48238,-83.13146426,42.40468751,190099
-83.20860528,42.35254576,3621429,2104230008,Belton Ave & Grandmont Ave,MURDER / NON-NEGLIGENT MANSLAUGHTER (VOLUNTARY),HOMICIDE,901,9001,MURDER / NON-NEGLIGENT MANSLAUGHTER (VOLUNTARY),2021/04/23 08:00:00+00,4:00:00,5,4,2021,611,6,2.62E+14,Garden View,7,48228,-83.20860528,42.35254576,84843
-83.08150319,42.37687688,3621372,2104220361,2nd Ave & W Philadelphia St,MURDER / NON-NEGLIGENT MANSLAUGHTER (VOLUNTARY),HOMICIDE,901,9001,MURDER / NON-NEGLIGENT MANSLAUGHTER (VOLUNTARY),2021/04/23 06:15:00+00,2:15:00,5,2,2021,303,3,2.62E+14,Piety Hill,5,48202,-83.08150319,42.37687688,400143
-83.15782942,42.3590098,3620867,2104210130,Joy Rd & Esper St,MURDER / NON-NEGLIGENT MANSLAUGHTER (VOLUNTARY),HOMICIDE,901,9001,MURDER / NON-NEGLIGENT MANSLAUGHTER (VOLUNTARY),2021/04/21 18:40:00+00,14:40:00,3,14,2021,209,2,2.62E+14,Barton-McFarland,7,48204,-83.15782942,42.3590098,189982
-83.1312048,42.36145306,3620617,2104200357,Hillsboro St & Dailey Ct,MURDER / NON-NEGLIGENT MANSLAUGHTER (VOLUNTARY),HOMICIDE,901,9001,MURDER / NON-NEGLIGENT MANSLAUGHTER (VOLUNTARY),2021/04/21 05:23:00+00,1:23:00,3,1,2021,1006,10,2.62E+14,Midwest,6,48204,-83.13120479,42.36145306,400072
-83.03871161,42.42797465,3620188,2104190252,Stockton St & Mount Elliott St,MURDER / NON-NEGLIGENT MANSLAUGHTER (VOLUNTARY),HOMICIDE,901,9001,MURDER / NON-NEGLIGENT MANSLAUGHTER (VOLUNTARY),2021/04/20 00:25:00+00,20:25:00,1,20,2021,1109,11,2.62E+14,Grant,3,48234,-83.03871161,42.42797465,295943
-83.24494633,42.40236193,3619865,2104180250,Keeler St & Braile St,MURDER / NON-NEGLIGENT MANSLAUGHTER (VOLUNTARY),HOMICIDE,901,9001,MURDER / NON-NEGLIGENT MANSLAUGHTER (VOLUNTARY),2021/04/19 03:20:00+00,23:20:00,7,23,2021,810,8,2.62E+14,Brightmoor,1,48223,-83.24494633,42.40236192,84645
-82.9400084,42.40646164,3619935,2104180145,Southampton St & Audubon Rd,MURDER / NON-NEGLIGENT MANSLAUGHTER (VOLUNTARY),HOMICIDE,901,9001,MURDER / NON-NEGLIGENT MANSLAUGHTER (VOLUNTARY),2021/04/18 20:25:00+00,16:25:00,7,16,2021,504,5,2.62E+14,Morningside,4,48224,-82.9400084,42.40646164,295907
-83.15330382,42.39803144,3619731,2104180030,Northlawn St & Eaton St,MURDER / NON-NEGLIGENT MANSLAUGHTER (VOLUNTARY),HOMICIDE,901,9001,MURDER / NON-NEGLIGENT MANSLAUGHTER (VOLUNTARY),2021/04/18 09:17:00+00,5:17:00,7,5,2021,1001,10,2.62E+14,Chalfonte,2,48238,-83.15330382,42.39803144,189842
-83.02597035,42.38887461,3619570,2104180031,Saint Thomas St & Saint Cyril Ave,MURDER / NON-NEGLIGENT MANSLAUGHTER (VOLUNTARY),HOMICIDE,901,9001,MURDER / NON-NEGLIGENT MANSLAUGHTER (VOLUNTARY),2021/04/18 09:16:00+00,5:16:00,7,5,2021,702,7,2.62E+14,Airport Sub,3,48213,-83.02597035,42.38887461,399934
-83.06686709,42.44515732,3617803,2104130029,Yonka St & E Winchester Ave,MURDER / NON-NEGLIGENT MANSLAUGHTER (VOLUNTARY),HOMICIDE,901,9001,MURDER / NON-NEGLIGENT MANSLAUGHTER (VOLUNTARY),2021/04/13 09:31:00+00,5:31:00,2,5,2021,1102,11,2.62E+14,Farwell,3,48234,-83.06686709,42.44515732,295599
-83.18192164,42.41657587,3617793,2104120362,Lesure St & W McNichols Rd,MURDER / NON-NEGLIGENT MANSLAUGHTER (VOLUNTARY),HOMICIDE,901,9001,MURDER / NON-NEGLIGENT MANSLAUGHTER (VOLUNTARY),2021/04/13 06:52:00+00,2:52:00,2,2,2021,1206,12,2.62E+14,Winship,2,48235,-83.18192164,42.41657587,295597
-83.07528582,42.42101277,3617341,2104110187,Stender St & Maine St,MURDER / NON-NEGLIGENT MANSLAUGHTER (VOLUNTARY),HOMICIDE,901,9001,MURDER / NON-NEGLIGENT MANSLAUGHTER (VOLUNTARY),2021/04/11 23:43:00+00,19:43:00,7,19,2021,1107,11,2.62E+14,Cadillac Heights,3,48212,-83.07528582,42.42101277,84259
-83.18051117,42.43108576,3617150,2104110034,W 7 Mile Rd & Schaefer Hwy,MURDER / NON-NEGLIGENT MANSLAUGHTER (VOLUNTARY),HOMICIDE,901,9001,MURDER / NON-NEGLIGENT MANSLAUGHTER (VOLUNTARY),2021/04/11 11:00:00+00,7:00:00,7,7,2021,1201,12,2.62E+14,Schaefer 7/8 Lodge,2,48235,-83.18051117,42.43108576,295492
-82.97996725,42.3750517,3616682,2104090199,Fairview St & Goethe Ave,MURDER / NON-NEGLIGENT MANSLAUGHTER (VOLUNTARY),HOMICIDE,901,9001,MURDER / NON-NEGLIGENT MANSLAUGHTER (VOLUNTARY),2021/04/09 23:33:00+00,19:33:00,5,19,2021,508,5,2.62E+14,East Village,4,48214,-82.97996725,42.3750517,189393
-83.2219607,42.42703979,3615834,2104070106,Rosemont Ave & Margareta St,MURDER / NON-NEGLIGENT MANSLAUGHTER (VOLUNTARY),HOMICIDE,901,9001,MURDER / NON-NEGLIGENT MANSLAUGHTER (VOLUNTARY),2021/04/07 17:30:00+00,13:30:00,3,13,2021,807,8,2.62E+14,Evergreen-Outer Drive,2,48219,-83.2219607,42.42703979,189259
-83.17360205,42.39998189,3615640,2104070019,Ward St & Chalfonte St,MURDER / NON-NEGLIGENT MANSLAUGHTER (VOLUNTARY),HOMICIDE,901,9001,MURDER / NON-NEGLIGENT MANSLAUGHTER (VOLUNTARY),2021/04/07 09:10:00+00,5:10:00,3,5,2021,203,2,2.62E+14,Bethune Community,2,48227,-83.17360205,42.39998189,399364
-82.92581674,42.4177318,3615631,2104060295,Lodewyck St & Berden St,MURDER / NON-NEGLIGENT MANSLAUGHTER (VOLUNTARY),HOMICIDE,901,9001,MURDER / NON-NEGLIGENT MANSLAUGHTER (VOLUNTARY),2021/04/07 01:43:00+00,21:43:00,2,21,2021,505,5,2.62E+14,Cornerstone Village,4,48224,-82.92581674,42.4177318,399359
-82.98725554,42.38603592,3615156,2104050123,Fairview St & E Warren Ave,MURDER / NON-NEGLIGENT MANSLAUGHTER (VOLUNTARY),HOMICIDE,901,9001,MURDER / NON-NEGLIGENT MANSLAUGHTER (VOLUNTARY),2021/04/05 19:40:00+00,15:40:00,1,15,2021,501,5,2.62E+14,West End,4,48213,-82.98725554,42.38603592,399286
-83.00043213,42.36086057,3614972,2104050032,E Vernor Hwy & Parker St,MURDER / NON-NEGLIGENT MANSLAUGHTER (VOLUNTARY),HOMICIDE,901,9001,MURDER / NON-NEGLIGENT MANSLAUGHTER (VOLUNTARY),2021/04/05 11:05:00+00,7:05:00,1,7,2021,708,7,2.62E+14,Islandview,5,48214,-83.00043213,42.36086057,189123
-83.1110668,42.38897466,3615221,2104050277,14th St & Cortland St,MURDER / NON-NEGLIGENT MANSLAUGHTER (VOLUNTARY),HOMICIDE,901,9001,MURDER / NON-NEGLIGENT MANSLAUGHTER (VOLUNTARY),2021/04/05 08:17:00+00,4:17:00,1,4,2021,1005,10,2.62E+14,Dexter-Linwood,5,48206,-83.1110668,42.38897466,399297
-83.14186896,42.33704977,3614547,2104030165,Central St & Wagner St,MURDER / NON-NEGLIGENT MANSLAUGHTER (VOLUNTARY),HOMICIDE,901,9001,MURDER / NON-NEGLIGENT MANSLAUGHTER (VOLUNTARY),2021/04/03 22:27:00+00,18:27:00,6,18,2021,401,4,2.62E+14,Claytown,6,48210,-83.14186896,42.33704977,399189
-83.11252943,42.39109882,3614318,2104020325,14th St & Fullerton St,MURDER / NON-NEGLIGENT MANSLAUGHTER (VOLUNTARY),HOMICIDE,901,9001,MURDER / NON-NEGLIGENT MANSLAUGHTER (VOLUNTARY),2021/04/03 05:03:00+00,1:03:00,6,1,2021,1003,10,2.62E+14,Dexter-Linwood,5,48206,-83.11252943,42.39109882,189001
-83.02209444,42.35416602,3612802,2103300047,Hendricks St & Moran St,MURDER / NON-NEGLIGENT MANSLAUGHTER (VOLUNTARY),HOMICIDE,901,9001,MURDER / NON-NEGLIGENT MANSLAUGHTER (VOLUNTARY),2021/03/30 10:39:00+00,6:39:00,2,6,2021,707,7,2.62E+14,McDougall-Hunt,5,48207,-83.02209444,42.35416602,188817
-83.16793261,42.36600631,3612175,2103280084,Meyers Rd & W Chicago St,MURDER / NON-NEGLIGENT MANSLAUGHTER (VOLUNTARY),HOMICIDE,901,9001,MURDER / NON-NEGLIGENT MANSLAUGHTER (VOLUNTARY),2021/03/28 13:24:00+00,9:24:00,7,9,2021,208,2,2.62E+14,Barton-McFarland,7,48227,-83.16793261,42.36600631,188740
-82.9724239,42.44991593,3612111,2103280013,8 Mile Rd & Dexter Blvd,MURDER / NON-NEGLIGENT MANSLAUGHTER (VOLUNTARY),HOMICIDE,901,9001,MURDER / NON-NEGLIGENT MANSLAUGHTER (VOLUNTARY),2021/03/28 07:48:00+00,3:48:00,7,3,2021,900,9,2.62E+14,Mohican Regent,3,48205,-82.9724239,42.44991593,398877
-83.08660581,42.36539863,3610461,2103240007,Poe St & W Grand Blvd,MURDER / NON-NEGLIGENT MANSLAUGHTER (VOLUNTARY),HOMICIDE,901,9001,MURDER / NON-NEGLIGENT MANSLAUGHTER (VOLUNTARY),2021/03/24 08:11:00+00,4:11:00,3,4,2021,1008,10,2.62E+14,Henry Ford,5,48208,-83.08660581,42.36539863,294572
-83.11147331,42.39759884,3610053,2103220325,Woodrow Wilson St & W Davison St,MURDER / NON-NEGLIGENT MANSLAUGHTER (VOLUNTARY),HOMICIDE,901,9001,MURDER / NON-NEGLIGENT MANSLAUGHTER (VOLUNTARY),2021/03/23 06:45:00+00,2:45:00,2,2,2021,1003,10,2.62E+14,Dexter-Linwood,5,48238,-83.11147331,42.39759883,83319
-83.22899289,42.3343642,3609789,2103220033,Dayton St & Grandville Ave,MURDER / NON-NEGLIGENT MANSLAUGHTER (VOLUNTARY),HOMICIDE,901,9001,MURDER / NON-NEGLIGENT MANSLAUGHTER (VOLUNTARY),2021/03/22 10:13:00+00,6:13:00,1,6,2021,612,6,2.62E+14,Warrendale,7,48228,-83.22899289,42.3343642,188441
-83.09902022,42.35923355,3609583,2103210168,Ferry Park St & Linwood St,MURDER / NON-NEGLIGENT MANSLAUGHTER (VOLUNTARY),HOMICIDE,901,9001,MURDER / NON-NEGLIGENT MANSLAUGHTER (VOLUNTARY),2021/03/21 22:10:00+00,18:10:00,7,18,2021,304,3,2.62E+14,NW Goldberg,5,48208,-83.09902022,42.35923355,188392
-83.06650532,42.33948335,3609438,2103210024,S M 10 Service Drive & Grand River Ave,MURDER / NON-NEGLIGENT MANSLAUGHTER (VOLUNTARY),HOMICIDE,901,9001,MURDER / NON-NEGLIGENT MANSLAUGHTER (VOLUNTARY),2021/03/21 09:45:00+00,5:45:00,7,5,2021,310,3,2.62E+14,Midtown,6,48201,-83.06650532,42.33948335,398495
-83.099318,42.31079088,3609361,2103200226,Campbell St & W Lafayette Blvd,MURDER / NON-NEGLIGENT MANSLAUGHTER (VOLUNTARY),HOMICIDE,901,9001,MURDER / NON-NEGLIGENT MANSLAUGHTER (VOLUNTARY),2021/03/21 02:35:00+00,22:35:00,6,22,2021,409,4,2.62E+14,Central Southwest,6,48209,-83.099318,42.31079088,83201
-83.21279964,42.34543727,3607638,2103150139,Longacre St & Rutland St,MURDER / NON-NEGLIGENT MANSLAUGHTER (VOLUNTARY),HOMICIDE,901,9001,MURDER / NON-NEGLIGENT MANSLAUGHTER (VOLUNTARY),2021/03/15 18:31:00+00,14:31:00,1,14,2021,611,6,2.62E+14,Warren Ave Community,7,48228,-83.21279964,42.34543727,294120
-83.19502849,42.40163448,3605779,2103100029,Sussex St & Fenkell St,MURDER / NON-NEGLIGENT MANSLAUGHTER (VOLUNTARY),HOMICIDE,901,9001,MURDER / NON-NEGLIGENT MANSLAUGHTER (VOLUNTARY),2021/03/10 14:00:00+00,9:00:00,3,9,2021,201,2,2.62E+14,Belmont,1,48227,-83.19502849,42.40163448,293837
-82.99515981,42.44194889,3605834,2103100017,Waltham St & E State Fair St,MURDER / NON-NEGLIGENT MANSLAUGHTER (VOLUNTARY),HOMICIDE,901,9001,MURDER / NON-NEGLIGENT MANSLAUGHTER (VOLUNTARY),2021/03/10 11:40:00+00,6:40:00,3,6,2021,901,9,2.62E+14,Conner Creek,3,48205,-82.99515981,42.44194889,397949
-83.24349134,42.36460125,3605598,2103090141,W Chicago St & Braile St,MURDER / NON-NEGLIGENT MANSLAUGHTER (VOLUNTARY),HOMICIDE,901,9001,MURDER / NON-NEGLIGENT MANSLAUGHTER (VOLUNTARY),2021/03/09 19:44:00+00,14:44:00,2,14,2021,606,6,2.62E+14,Franklin Park,7,48228,-83.24349133,42.36460125,397923
-83.16290955,42.36111187,3604657,2103060277,Birwood St & Ellis St,MURDER / NON-NEGLIGENT MANSLAUGHTER (VOLUNTARY),HOMICIDE,901,9001,MURDER / NON-NEGLIGENT MANSLAUGHTER (VOLUNTARY),2021/03/07 06:30:00+00,1:30:00,7,1,2021,208,2,2.62E+14,Barton-McFarland,7,48204,-83.16290955,42.36111187,397790
-82.97716937,42.42784738,3604208,2103050062,Spring Garden St & Peoria St,MURDER / NON-NEGLIGENT MANSLAUGHTER (VOLUNTARY),HOMICIDE,901,9001,MURDER / NON-NEGLIGENT MANSLAUGHTER (VOLUNTARY),2021/03/05 10:00:00+00,5:00:00,5,5,2021,906,9,2.62E+14,Mapleridge,4,48205,-82.97716937,42.42784738,397738
-83.07422121,42.41902105,3603996,2103040286,Jerome St & Anglin St,MURDER / NON-NEGLIGENT MANSLAUGHTER (VOLUNTARY),HOMICIDE,901,9001,MURDER / NON-NEGLIGENT MANSLAUGHTER (VOLUNTARY),2021/03/05 04:10:00+00,23:10:00,4,23,2021,1107,11,2.62E+14,Cadillac Heights,3,48212,-83.07422121,42.41902105,82447
-83.22884885,42.36726072,3603968,2103040205,Orangelawn St & Piedmont St,MURDER / NON-NEGLIGENT MANSLAUGHTER (VOLUNTARY),HOMICIDE,901,9001,MURDER / NON-NEGLIGENT MANSLAUGHTER (VOLUNTARY),2021/03/04 12:15:00+00,7:15:00,4,7,2021,607,6,2.62E+14,Franklin Park,7,48228,-83.22884885,42.36726072,82444
-82.99910213,42.44897818,3603751,2103030395,Strasburg St & 8 Mile Rd,MURDER / NON-NEGLIGENT MANSLAUGHTER (VOLUNTARY),HOMICIDE,901,9001,MURDER / NON-NEGLIGENT MANSLAUGHTER (VOLUNTARY),2021/03/04 08:43:00+00,3:43:00,4,3,2021,901,9,2.62E+14,Conner Creek,3,48205,-82.99910213,42.44897818,82418
-83.23514312,42.41941727,3603620,2103030256,Santa Clara Ave & Annchester Rd,MURDER / NON-NEGLIGENT MANSLAUGHTER (VOLUNTARY),HOMICIDE,901,9001,MURDER / NON-NEGLIGENT MANSLAUGHTER (VOLUNTARY),2021/03/03 23:47:00+00,18:47:00,3,18,2021,807,8,2.62E+14,Evergreen-Outer Drive,1,48219,-83.23514312,42.41941727,82397
-83.12047785,42.3630822,3602803,2103010145,Pingree St & Quincy St,MURDER / NON-NEGLIGENT MANSLAUGHTER (VOLUNTARY),HOMICIDE,901,9001,MURDER / NON-NEGLIGENT MANSLAUGHTER (VOLUNTARY),2021/03/01 22:35:00+00,17:35:00,1,17,2021,1007,10,2.62E+14,Petoskey-Otsego,5,48204,-83.12047785,42.3630822,293394
-83.23565256,42.38628738,3602620,2102280291,Schoolcraft St & Plainview Ave,MURDER / NON-NEGLIGENT MANSLAUGHTER (VOLUNTARY),HOMICIDE,901,9001,MURDER / NON-NEGLIGENT MANSLAUGHTER (VOLUNTARY),2021/03/01 07:57:00+00,2:57:00,1,2,2021,604,6,2.62E+14,Schoolcraft Southfield,1,48223,-83.23565256,42.38628738,187427
-83.02081086,42.37167546,3602470,2102280081,Canton St & Hancock St,MURDER / NON-NEGLIGENT MANSLAUGHTER (VOLUNTARY),HOMICIDE,901,9001,MURDER / NON-NEGLIGENT MANSLAUGHTER (VOLUNTARY),2021/02/28 05:00:00+00,0:00:00,7,0,2021,704,7,2.62E+14,Gratiot Town/Ketterring,5,48207,-83.02081086,42.37167546,82234
-83.15277848,42.27239138,3602064,2102260316,S Annabelle St & Miami St,MURDER / NON-NEGLIGENT MANSLAUGHTER (VOLUNTARY),HOMICIDE,901,9001,MURDER / NON-NEGLIGENT MANSLAUGHTER (VOLUNTARY),2021/02/27 09:23:00+00,4:23:00,6,4,2021,415,4,2.62E+14,Boynton,6,48217,-83.15277848,42.27239138,293292
-83.21626376,42.38674444,3602010,2102260258,Schoolcraft St & Archdale St,MURDER / NON-NEGLIGENT MANSLAUGHTER (VOLUNTARY),HOMICIDE,901,9001,MURDER / NON-NEGLIGENT MANSLAUGHTER (VOLUNTARY),2021/02/27 05:42:00+00,0:42:00,6,0,2021,814,8,2.62E+14,Grandmont,1,48227,-83.21626376,42.38674444,187337
-83.28127227,42.41679747,3601423,2102250047,Lenore Ave & Santa Maria St,MURDER / NON-NEGLIGENT MANSLAUGHTER (VOLUNTARY),HOMICIDE,901,9001,MURDER / NON-NEGLIGENT MANSLAUGHTER (VOLUNTARY),2021/02/25 11:30:00+00,6:30:00,4,6,2021,805,8,2.62E+14,The Eye,1,48219,-83.28127227,42.41679747,187270
-83.26204441,42.40744685,3601225,2102240180,Lamphere St & Puritan St,MURDER / NON-NEGLIGENT MANSLAUGHTER (VOLUNTARY),HOMICIDE,901,9001,MURDER / NON-NEGLIGENT MANSLAUGHTER (VOLUNTARY),2021/02/24 22:34:00+00,17:34:00,3,17,2021,809,8,2.62E+14,Riverdale,1,48219,-83.26204441,42.40744685,82054
-82.9747758,42.39069077,3600939,2102230290,Stringham Ct & Drew Ct,MURDER / NON-NEGLIGENT MANSLAUGHTER (VOLUNTARY),HOMICIDE,901,9001,MURDER / NON-NEGLIGENT MANSLAUGHTER (VOLUNTARY),2021/02/24 04:00:00+00,23:00:00,2,23,2021,502,5,2.62E+14,Chandler Park,4,48213,-82.9747758,42.39069077,82016
-82.96307045,42.38435135,3600586,2102220286,Mack Ave & Gray St,MURDER / NON-NEGLIGENT MANSLAUGHTER (VOLUNTARY),HOMICIDE,901,9001,MURDER / NON-NEGLIGENT MANSLAUGHTER (VOLUNTARY),2021/02/23 06:20:00+00,1:20:00,2,1,2021,509,5,2.62E+14,Riverbend,4,48215,-82.96307045,42.38435135,397257
-83.21167245,42.34583507,3600605,2102220276,Majestic St & Clayburn St,MURDER / NON-NEGLIGENT MANSLAUGHTER (VOLUNTARY),HOMICIDE,901,9001,MURDER / NON-NEGLIGENT MANSLAUGHTER (VOLUNTARY),2021/02/23 04:48:00+00,23:48:00,1,23,2021,611,6,2.62E+14,Warren Ave Community,7,48228,-83.21167244,42.34583507,293094
-83.1421293,42.35203578,3600644,2102230023,Tireman St & Wykes St,MURDER / NON-NEGLIGENT MANSLAUGHTER (VOLUNTARY),HOMICIDE,901,9001,MURDER / NON-NEGLIGENT MANSLAUGHTER (VOLUNTARY),2021/02/22 21:00:00+00,16:00:00,1,16,2021,210,2,2.62E+14,Midwest,6,48210,-83.1421293,42.35203578,293101
-82.96508752,42.39321323,3599910,2102200184,Drexel St & E Warren Ave,MURDER / NON-NEGLIGENT MANSLAUGHTER (VOLUNTARY),HOMICIDE,901,9001,MURDER / NON-NEGLIGENT MANSLAUGHTER (VOLUNTARY),2021/02/21 02:05:00+00,21:05:00,6,21,2021,503,5,2.62E+14,Fox Creek,4,48215,-82.96508752,42.39321323,187045
-83.11079798,42.4176855,3599691,2102190186,W McNichols Rd & Portage St,MURDER / NON-NEGLIGENT MANSLAUGHTER (VOLUNTARY),HOMICIDE,901,9001,MURDER / NON-NEGLIGENT MANSLAUGHTER (VOLUNTARY),2021/02/20 02:30:00+00,21:30:00,5,21,2021,1209,12,2.62E+14,Palmer Park,2,48203,-83.11079798,42.4176855,292957
-82.95942715,42.40619653,3599603,2102190088,Wayburn St & Harper Ave,MURDER / NON-NEGLIGENT MANSLAUGHTER (VOLUNTARY),HOMICIDE,901,9001,MURDER / NON-NEGLIGENT MANSLAUGHTER (VOLUNTARY),2021/02/19 21:22:00+00,16:22:00,5,16,2021,911,9,2.62E+14,Outer Drive-Hayes,4,48224,-82.95942715,42.40619653,397113
-82.96521271,42.42560098,3598218,2102140165,Hayes St & Cedargrove St,MURDER / NON-NEGLIGENT MANSLAUGHTER (VOLUNTARY),HOMICIDE,901,9001,MURDER / NON-NEGLIGENT MANSLAUGHTER (VOLUNTARY),2021/02/14 23:40:00+00,18:40:00,7,18,2021,906,9,2.62E+14,Mapleridge,4,48205,-82.96521271,42.42560098,186820
-83.19156833,42.39090968,3597843,2102130068,Terry St & Intervale St,MURDER / NON-NEGLIGENT MANSLAUGHTER (VOLUNTARY),HOMICIDE,901,9001,MURDER / NON-NEGLIGENT MANSLAUGHTER (VOLUNTARY),2021/02/13 15:30:00+00,10:30:00,6,10,2021,202,2,2.62E+14,Hubbell-Lyndon,1,48227,-83.19156833,42.39090968,81621
-83.21020232,42.36037934,3597439,2102110275,Abington Ave & Ellis St,MURDER / NON-NEGLIGENT MANSLAUGHTER (VOLUNTARY),HOMICIDE,901,9001,MURDER / NON-NEGLIGENT MANSLAUGHTER (VOLUNTARY),2021/02/12 07:47:00+00,2:47:00,5,2,2021,608,6,2.62E+14,Joy Community,7,48228,-83.21020232,42.36037934,292640
-82.99416084,42.44742502,3596572,2102090011,Collingham Dr & Goulburn St,MURDER / NON-NEGLIGENT MANSLAUGHTER (VOLUNTARY),HOMICIDE,901,9001,MURDER / NON-NEGLIGENT MANSLAUGHTER (VOLUNTARY),2021/02/09 10:45:00+00,5:45:00,2,5,2021,901,9,2.62E+14,Conner Creek,3,48205,-82.99416084,42.44742502,396720
-83.01054274,42.43067892,3596277,2102070222,Algonac St & Linnhurst St,MURDER / NON-NEGLIGENT MANSLAUGHTER (VOLUNTARY),HOMICIDE,901,9001,MURDER / NON-NEGLIGENT MANSLAUGHTER (VOLUNTARY),2021/02/08 08:10:00+00,3:10:00,1,3,2021,904,9,2.62E+14,Mount Olivet,3,48234,-83.01054274,42.43067892,396676
-82.94968292,42.42828652,3596099,2102070026,Casino St & Lansdowne St,MURDER / NON-NEGLIGENT MANSLAUGHTER (VOLUNTARY),HOMICIDE,901,9001,MURDER / NON-NEGLIGENT MANSLAUGHTER (VOLUNTARY),2021/02/07 11:32:00+00,6:32:00,7,6,2021,907,9,2.62E+14,Moross-Morang,4,48224,-82.94968292,42.42828652,396643
-83.14366512,42.43157119,3595750,2102050253,Santa Rosa Dr & W 7 Mile Rd,MURDER / NON-NEGLIGENT MANSLAUGHTER (VOLUNTARY),HOMICIDE,901,9001,MURDER / NON-NEGLIGENT MANSLAUGHTER (VOLUNTARY),2021/02/06 05:52:00+00,0:52:00,6,0,2021,1203,12,2.62E+14,Bagley,2,48221,-83.14366512,42.43157119,396602
-83.21790563,42.36749223,3595350,2102040149,Orangelawn St & Ashton Ave,MURDER / NON-NEGLIGENT MANSLAUGHTER (VOLUNTARY),HOMICIDE,901,9001,MURDER / NON-NEGLIGENT MANSLAUGHTER (VOLUNTARY),2021/02/04 22:34:00+00,17:34:00,4,17,2021,607,6,2.62E+14,Franklin Park,7,48228,-83.21790563,42.36749223,81258
-83.15321536,42.36187554,3591709,2101230294,Ohio St & Esper St,MURDER / NON-NEGLIGENT MANSLAUGHTER (VOLUNTARY),HOMICIDE,901,9001,MURDER / NON-NEGLIGENT MANSLAUGHTER (VOLUNTARY),2021/01/24 07:51:00+00,2:51:00,7,2,2021,209,2,2.62E+14,Barton-McFarland,7,48204,-83.15321536,42.36187554,396050
-82.99773731,42.34956475,3591625,2101230250,Baldwin St & E Jefferson Ave,MURDER / NON-NEGLIGENT MANSLAUGHTER (VOLUNTARY),HOMICIDE,901,9001,MURDER / NON-NEGLIGENT MANSLAUGHTER (VOLUNTARY),2021/01/24 04:55:00+00,23:55:00,6,23,2021,711,7,2.62E+14,Islandview,5,48214,-82.99773731,42.34956475,185881
-83.08119395,42.3454301,3591395,2101230009,Calumet St & Grand River Ave,MURDER / NON-NEGLIGENT MANSLAUGHTER (VOLUNTARY),HOMICIDE,901,9001,MURDER / NON-NEGLIGENT MANSLAUGHTER (VOLUNTARY),2021/01/23 10:44:00+00,5:44:00,6,5,2021,308,3,2.62E+14,Core City,6,48208,-83.08119395,42.3454301,291775
-83.22253891,42.35776828,3591190,2101220094,Joy Rd & Greenview Ave,MURDER / NON-NEGLIGENT MANSLAUGHTER (VOLUNTARY),HOMICIDE,901,9001,MURDER / NON-NEGLIGENT MANSLAUGHTER (VOLUNTARY),2021/01/22 09:00:00+00,4:00:00,5,4,2021,607,6,2.62E+14,Franklin Park,7,48228,-83.22253891,42.35776828,80681
-83.14433598,42.33406601,3590842,2101210081,Elmer St & McGraw St,MURDER / NON-NEGLIGENT MANSLAUGHTER (VOLUNTARY),HOMICIDE,901,9001,MURDER / NON-NEGLIGENT MANSLAUGHTER (VOLUNTARY),2021/01/21 19:22:00+00,14:22:00,4,14,2021,401,4,2.62E+14,Claytown,6,48210,-83.14433598,42.33406601,395933
-82.94427569,42.40893944,3590778,2101210034,Linville St & 3 Mile Dr,MURDER / NON-NEGLIGENT MANSLAUGHTER (VOLUNTARY),HOMICIDE,901,9001,MURDER / NON-NEGLIGENT MANSLAUGHTER (VOLUNTARY),2021/01/21 14:11:00+00,9:11:00,4,9,2021,504,5,2.62E+14,Morningside,4,48224,-82.94427569,42.40893944,291669
-83.11063803,42.3658921,3590359,2101190331,Wildemere St & W Philadelphia St,MURDER / NON-NEGLIGENT MANSLAUGHTER (VOLUNTARY),HOMICIDE,901,9001,MURDER / NON-NEGLIGENT MANSLAUGHTER (VOLUNTARY),2021/01/20 06:11:00+00,1:11:00,3,1,2021,1007,10,2.62E+14,Jamison,5,48206,-83.11063803,42.3658921,185702
-83.15022392,42.26865439,3590229,2101190150,S Bassett St & Downing St,MURDER / NON-NEGLIGENT MANSLAUGHTER (VOLUNTARY),HOMICIDE,901,9001,MURDER / NON-NEGLIGENT MANSLAUGHTER (VOLUNTARY),2021/01/19 23:00:00+00,18:00:00,2,18,2021,415,4,2.62E+14,Boynton,6,48217,-83.15022392,42.26865439,395826
-83.18992828,42.3727853,3590015,2101190036,Lauder St & Plymouth Rd,MURDER / NON-NEGLIGENT MANSLAUGHTER (VOLUNTARY),HOMICIDE,901,9001,MURDER / NON-NEGLIGENT MANSLAUGHTER (VOLUNTARY),2021/01/19 12:25:00+00,7:25:00,2,7,2021,204,2,2.62E+14,Plymouth-Hubbell,7,48227,-83.18992828,42.3727853,291568
-83.24081456,42.35748563,3589452,2101170013,Fielding St & Joy Rd,MURDER / NON-NEGLIGENT MANSLAUGHTER (VOLUNTARY),HOMICIDE,901,9001,MURDER / NON-NEGLIGENT MANSLAUGHTER (VOLUNTARY),2021/01/17 10:10:00+00,5:10:00,7,5,2021,606,6,2.62E+14,Franklin Park,7,48228,-83.24081457,42.35748563,291469
-83.02426146,42.43397795,3589292,2101160182,Van Dyke St & E 7 Mile Rd,MURDER / NON-NEGLIGENT MANSLAUGHTER (VOLUNTARY),HOMICIDE,901,9001,MURDER / NON-NEGLIGENT MANSLAUGHTER (VOLUNTARY),2021/01/17 01:30:00+00,20:30:00,6,20,2021,1105,11,2.62E+14,Nortown,3,48234,-83.02426147,42.43397795,80421
-83.1568529,42.41218673,3588401,2101140025,Florence St & Wisconsin St,MURDER / NON-NEGLIGENT MANSLAUGHTER (VOLUNTARY),HOMICIDE,901,9001,MURDER / NON-NEGLIGENT MANSLAUGHTER (VOLUNTARY),2021/01/14 12:32:00+00,7:32:00,4,7,2021,1211,12,2.62E+14,Fitzgerald/Marygrove,2,48221,-83.15685291,42.41218673,395563
-83.24527562,42.43834561,3587668,2101120013,Fargo St & Patton St,MURDER / NON-NEGLIGENT MANSLAUGHTER (VOLUNTARY),HOMICIDE,901,9001,MURDER / NON-NEGLIGENT MANSLAUGHTER (VOLUNTARY),2021/01/12 11:24:00+00,6:24:00,2,6,2021,802,8,2.62E+14,Evergreen Lahser 7/8,1,48219,-83.24527562,42.43834561,395455
-83.11561338,42.39462204,3587093,2101100047,14th St & Waverly St,MURDER / NON-NEGLIGENT MANSLAUGHTER (VOLUNTARY),HOMICIDE,901,9001,MURDER / NON-NEGLIGENT MANSLAUGHTER (VOLUNTARY),2021/01/10 12:55:00+00,7:55:00,7,7,2021,1003,10,2.62E+14,Dexter-Linwood,5,48238,-83.11561338,42.39462204,291132
-83.06861825,42.42584234,3586706,2101080287,Conant St & E Nevada St,MURDER / NON-NEGLIGENT MANSLAUGHTER (VOLUNTARY),HOMICIDE,901,9001,MURDER / NON-NEGLIGENT MANSLAUGHTER (VOLUNTARY),2021/01/09 06:24:00+00,1:24:00,6,1,2021,1107,11,2.62E+14,Northeast Central District,3,48234,-83.06861825,42.42584234,291071
-83.12347147,42.37388777,3586474,2101080033,W Boston Blvd & Holmur St,MURDER / NON-NEGLIGENT MANSLAUGHTER (VOLUNTARY),HOMICIDE,901,9001,MURDER / NON-NEGLIGENT MANSLAUGHTER (VOLUNTARY),2021/01/08 12:01:00+00,7:01:00,5,7,2021,1004,10,2.62E+14,Nardin Park,7,48206,-83.12347147,42.37388777,185128
-82.98417989,42.40082943,3585334,2101040252,Camden Ave & Harrell St,MURDER / NON-NEGLIGENT MANSLAUGHTER (VOLUNTARY),HOMICIDE,901,9001,MURDER / NON-NEGLIGENT MANSLAUGHTER (VOLUNTARY),2021/01/05 02:13:00+00,21:13:00,1,21,2021,910,9,2.62E+14,Ravendale,4,48213,-82.98417989,42.40082943,290862
-82.9726083,42.42631098,3584348,2101010120,Troester St & Celestine St,MURDER / NON-NEGLIGENT MANSLAUGHTER (VOLUNTARY),HOMICIDE,901,9001,MURDER / NON-NEGLIGENT MANSLAUGHTER (VOLUNTARY),2021/01/01 19:17:00+00,14:17:00,5,14,2021,906,9,2.62E+14,Mapleridge,4,48205,-82.9726083,42.42631098,79748
-83.22553194,42.41542873,3584326,2101010091,W McNichols Rd & Avon Ave,MURDER / NON-NEGLIGENT MANSLAUGHTER (VOLUNTARY),HOMICIDE,901,9001,MURDER / NON-NEGLIGENT MANSLAUGHTER (VOLUNTARY),2021/01/01 11:15:00+00,6:15:00,5,6,2021,807,8,2.62E+14,Evergreen-Outer Drive,1,48219,-83.22553194,42.41542872,79745
-83.1638756,42.42230618,3584233,2101010021,Griggs St & Thatcher St,MURDER / NON-NEGLIGENT MANSLAUGHTER (VOLUNTARY),HOMICIDE,901,9001,MURDER / NON-NEGLIGENT MANSLAUGHTER (VOLUNTARY),2021/01/01 10:30:00+00,5:30:00,5,5,2021,1207,12,2.62E+14,Schulze,2,48221,-83.1638756,42.42230618,184759
-83.16211757,42.38357458,3584154,2012310273,Griggs St & W Buena Vista St,MURDER / NON-NEGLIGENT MANSLAUGHTER (VOLUNTARY),HOMICIDE,901,9001,MURDER / NON-NEGLIGENT MANSLAUGHTER (VOLUNTARY),2021/01/01 06:20:00+00,1:20:00,5,1,2021,205,2,2.62E+14,Grand River-I96,7,48238,-83.16211757,42.38357458,290683