X,Y,crime_id,report_number,address,offense_description,offense_category,state_offense_code,arrest_charge,charge_description,incident_timestamp,incident_time,day_of_week,hour_of_day,year,scout_car_area,precinct,block_id,neighborhood,council_district,zip_code,longitude,latitude,oid
-83.225531943,42.415428725,3584326,2101010091,W McNichols Rd & Avon Ave,MURDER / NON-NEGLIGENT MANSLAUGHTER (VOLUNTARY),HOMICIDE,0901,09001,MURDER / NON-NEGLIGENT MANSLAUGHTER (VOLUNTARY),2021/01/01 11:15:00+00,06:15:00,5,6,2021,0807,08,261635405001019,Evergreen-Outer Drive,1,48219,-83.2255319431231,42.4154287249428,79746
-82.972608302,42.426310975,3584348,2101010120,Troester St & Celestine St,MURDER / NON-NEGLIGENT MANSLAUGHTER (VOLUNTARY),HOMICIDE,0901,09001,MURDER / NON-NEGLIGENT MANSLAUGHTER (VOLUNTARY),2021/01/01 19:17:00+00,14:17:00,5,14,2021,0906,09,261635005004002,Mapleridge,4,48205,-82.9726083019524,42.4263109752188,79749
-83.0242614649999,42.433977945,3589292,2101160182,Van Dyke St & E 7 Mile Rd,MURDER / NON-NEGLIGENT MANSLAUGHTER (VOLUNTARY),HOMICIDE,0901,09001,MURDER / NON-NEGLIGENT MANSLAUGHTER (VOLUNTARY),2021/01/17 01:30:00+00,20:30:00,6,20,2021,1105,11,261635062001015,Nortown,3,48234,-83.0242614652819,42.4339779453245,80423
-83.2225389129999,42.3577682760001,3591190,2101220094,Joy Rd & Greenview Ave,MURDER / NON-NEGLIGENT MANSLAUGHTER (VOLUNTARY),HOMICIDE,0901,09001,MURDER / NON-NEGLIGENT MANSLAUGHTER (VOLUNTARY),2021/01/22 09:00:00+00,04:00:00,5,4,2021,0607,06,261635467002006,Franklin Park,7,48228,-83.2225389132247,42.3577682758305,80684
-83.217905631,42.3674922330001,3595350,2102040149,Orangelawn St & Ashton Ave,MURDER / NON-NEGLIGENT MANSLAUGHTER (VOLUNTARY),HOMICIDE,0901,09001,MURDER / NON-NEGLIGENT MANSLAUGHTER (VOLUNTARY),2021/02/04 22:34:00+00,17:34:00,4,17,2021,0607,06,261635469001032,Franklin Park,7,48228,-83.2179056312498,42.367492233166,81261
-83.191568327,42.3909096780001,3597843,2102130068,Terry St & Intervale St,MURDER / NON-NEGLIGENT MANSLAUGHTER (VOLUNTARY),HOMICIDE,0901,09001,MURDER / NON-NEGLIGENT MANSLAUGHTER (VOLUNTARY),2021/02/13 15:30:00+00,10:30:00,6,10,2021,0202,02,261635378001001,Hubbell-Lyndon,1,48227,-83.1915683270407,42.3909096783124,81625
-82.9747758029999,42.3906907730001,3600939,2102230290,Stringham Ct & Drew Ct,MURDER / NON-NEGLIGENT MANSLAUGHTER (VOLUNTARY),HOMICIDE,0901,09001,MURDER / NON-NEGLIGENT MANSLAUGHTER (VOLUNTARY),2021/02/24 04:00:00+00,23:00:00,2,23,2021,0502,05,261635122001008,Chandler Park,4,48213,-82.974775803248,42.3906907732812,82019
-83.2620444089999,42.407446845,3601225,2102240180,Lamphere St & Puritan St,MURDER / NON-NEGLIGENT MANSLAUGHTER (VOLUNTARY),HOMICIDE,0901,09001,MURDER / NON-NEGLIGENT MANSLAUGHTER (VOLUNTARY),2021/02/24 22:34:00+00,17:34:00,3,17,2021,0809,08,261635442003002,Riverdale,1,48219,-83.262044408643,42.407446845231,82057
-83.020810861,42.3716754610001,3602470,2102280081,Canton St & Hancock St,MURDER / NON-NEGLIGENT MANSLAUGHTER (VOLUNTARY),HOMICIDE,0901,09001,MURDER / NON-NEGLIGENT MANSLAUGHTER (VOLUNTARY),2021/02/28 05:00:00+00,00:00:00,7,0,2021,0704,07,261635161001018,Gratiot Town/Ketterring,5,48207,-83.0208108607349,42.3716754613607,82237
-83.235143124,42.419417272,3603620,2103030256,Santa Clara Ave & Annchester Rd,MURDER / NON-NEGLIGENT MANSLAUGHTER (VOLUNTARY),HOMICIDE,0901,09001,MURDER / NON-NEGLIGENT MANSLAUGHTER (VOLUNTARY),2021/03/03 23:47:00+00,18:47:00,3,18,2021,0807,08,261635406004006,Evergreen-Outer Drive,1,48219,-83.2351431238669,42.4194172721768,82401
-82.999102126,42.448978176,3603751,2103030395,Strasburg St & 8 Mile Rd,MURDER / NON-NEGLIGENT MANSLAUGHTER (VOLUNTARY),HOMICIDE,0901,09001,MURDER / NON-NEGLIGENT MANSLAUGHTER (VOLUNTARY),2021/03/04 08:43:00+00,03:43:00,4,3,2021,0901,09,261635032003006,Conner Creek,3,48205,-82.9991021262489,42.4489781761493,82422
-83.228848851,42.367260722,3603968,2103040205,Orangelawn St & Piedmont St,MURDER / NON-NEGLIGENT MANSLAUGHTER (VOLUNTARY),HOMICIDE,0901,09001,MURDER / NON-NEGLIGENT MANSLAUGHTER (VOLUNTARY),2021/03/04 12:15:00+00,07:15:00,4,7,2021,0607,06,261635468003004,Franklin Park,7,48228,-83.2288488511224,42.3672607222463,82448
-83.07422121,42.419021049,3603996,2103040286,Jerome St & Anglin St,MURDER / NON-NEGLIGENT MANSLAUGHTER (VOLUNTARY),HOMICIDE,0901,09001,MURDER / NON-NEGLIGENT MANSLAUGHTER (VOLUNTARY),2021/03/05 04:10:00+00,23:10:00,4,23,2021,1107,11,261635072002016,Cadillac Heights,3,48212,-83.074221209517,42.4190210490427,82451
-83.0993180039999,42.3107908790001,3609361,2103200226,Campbell St & W Lafayette Blvd,MURDER / NON-NEGLIGENT MANSLAUGHTER (VOLUNTARY),HOMICIDE,0901,09001,MURDER / NON-NEGLIGENT MANSLAUGHTER (VOLUNTARY),2021/03/21 02:35:00+00,22:35:00,6,22,2021,0409,04,261635232002022,Central Southwest,6,48209,-83.0993180040879,42.3107908789601,83205
-83.111473312,42.3975988350001,3610053,2103220325,Woodrow Wilson St & W Davison St,MURDER / NON-NEGLIGENT MANSLAUGHTER (VOLUNTARY),HOMICIDE,0901,09001,MURDER / NON-NEGLIGENT MANSLAUGHTER (VOLUNTARY),2021/03/23 06:45:00+00,02:45:00,2,2,2021,1003,10,261635319001005,Dexter-Linwood,5,48238,-83.1114733115304,42.3975988348768,83323
-83.075285816,42.4210127710001,3617341,2104110187,Stender St & Maine St,MURDER / NON-NEGLIGENT MANSLAUGHTER (VOLUNTARY),HOMICIDE,0901,09001,MURDER / NON-NEGLIGENT MANSLAUGHTER (VOLUNTARY),2021/04/11 23:43:00+00,19:43:00,7,19,2021,1107,11,261635072002008,Cadillac Heights,3,48212,-83.0752858158493,42.421012771348,84262
-83.244946333,42.402361925,3619865,2104180250,Keeler St & Braile St,MURDER / NON-NEGLIGENT MANSLAUGHTER (VOLUNTARY),HOMICIDE,0901,09001,MURDER / NON-NEGLIGENT MANSLAUGHTER (VOLUNTARY),2021/04/19 03:20:00+00,23:20:00,7,23,2021,0810,08,261635435001002,Brightmoor,1,48223,-83.244946333158,42.4023619245363,84648
-83.2086052769999,42.3525457640001,3621429,2104230008,Belton Ave & Grandmont Ave,MURDER / NON-NEGLIGENT MANSLAUGHTER (VOLUNTARY),HOMICIDE,0901,09001,MURDER / NON-NEGLIGENT MANSLAUGHTER (VOLUNTARY),2021/04/23 08:00:00+00,04:00:00,5,4,2021,0611,06,261635454001004,Garden View,7,48228,-83.2086052769209,42.3525457638353,84847
-83.054668621,42.4152193620001,3621764,2104230360,Luce St & Eureka St,MURDER / NON-NEGLIGENT MANSLAUGHTER (VOLUNTARY),HOMICIDE,0901,09001,MURDER / NON-NEGLIGENT MANSLAUGHTER (VOLUNTARY),2021/04/24 06:50:00+00,02:50:00,6,2,2021,1111,11,261635113003013,Davison,3,48212,-83.054668620929,42.4152193618032,84883
-83.0953223779999,42.446797174,3623174,2104270413,8 Mile Rd & S I 75 Service Drive,MURDER / NON-NEGLIGENT MANSLAUGHTER (VOLUNTARY),HOMICIDE,0901,09001,MURDER / NON-NEGLIGENT MANSLAUGHTER (VOLUNTARY),2021/04/28 06:59:00+00,02:59:00,3,2,2021,1101,11,261635081004003,Nolan,3,48203,-83.0953223784297,42.4467971738991,85069
-83.126994603,42.417381053,3623597,2104280395,Normandy St & W McNichols Rd,MURDER / NON-NEGLIGENT MANSLAUGHTER (VOLUNTARY),HOMICIDE,0901,09001,MURDER / NON-NEGLIGENT MANSLAUGHTER (VOLUNTARY),2021/04/29 05:38:00+00,01:38:00,4,1,2021,1212,12,261635301003005,Martin Park,2,48221,-83.1269946028156,42.4173810525375,85111
-83.158930345,42.3836569640001,3625724,2105040102,Wyoming St & W Buena Vista St,MURDER / NON-NEGLIGENT MANSLAUGHTER (VOLUNTARY),HOMICIDE,0901,09001,MURDER / NON-NEGLIGENT MANSLAUGHTER (VOLUNTARY),2021/05/04 13:02:00+00,09:02:00,2,9,2021,0205,02,261635342005016,Grand River-I96,7,48238,-83.1589303445009,42.3836569643088,85393
-83.140634173,42.4146990620001,3626149,2105050148,Grove St & Livernois Ave,MURDER / NON-NEGLIGENT MANSLAUGHTER (VOLUNTARY),HOMICIDE,0901,09001,MURDER / NON-NEGLIGENT MANSLAUGHTER (VOLUNTARY),2021/05/05 20:25:00+00,16:25:00,3,16,2021,1212,12,261635302004000,Martin Park,2,48221,-83.1406341725982,42.4146990617032,85457
-83.1938313969999,42.4016728180001,3628945,2105130015,Coyle St & Fenkell St,MURDER / NON-NEGLIGENT MANSLAUGHTER (VOLUNTARY),HOMICIDE,0901,09001,MURDER / NON-NEGLIGENT MANSLAUGHTER (VOLUNTARY),2021/05/13 08:20:00+00,04:20:00,4,4,2021,0202,02,261635377003000,Hubbell-Lyndon,1,48227,-83.1938313966078,42.4016728183436,85809
-83.18704053,42.4115757490001,3630473,2105160300,Mark Twain St & Florence St,MURDER / NON-NEGLIGENT MANSLAUGHTER (VOLUNTARY),HOMICIDE,0901,09001,MURDER / NON-NEGLIGENT MANSLAUGHTER (VOLUNTARY),2021/05/17 05:20:00+00,01:20:00,1,1,2021,0201,02,261635376002006,Hubbell-Puritan,1,48235,-83.1870405303796,42.4115757485669,86018
-83.144005411,42.3535461550001,3633345,2105240021,American St & Garden St,MURDER / NON-NEGLIGENT MANSLAUGHTER (VOLUNTARY),HOMICIDE,0901,09001,MURDER / NON-NEGLIGENT MANSLAUGHTER (VOLUNTARY),2021/05/24 08:57:00+00,04:57:00,1,4,2021,0210,02,261635346001011,Midwest,6,48204,-83.1440054109629,42.35354615453,86399
-83.096870294,42.388580894,3633753,2105240367,Hamilton Ave & Burlingame St,MURDER / NON-NEGLIGENT MANSLAUGHTER (VOLUNTARY),HOMICIDE,0901,09001,MURDER / NON-NEGLIGENT MANSLAUGHTER (VOLUNTARY),2021/05/25 03:50:00+00,23:50:00,1,23,2021,1005,10,261635322002005,Gateway Community,5,48202,-83.0968702941618,42.3885808938793,86470
-83.027513326,42.4329924630001,3634963,2105270362,E Brentwood St & Packard St,MURDER / NON-NEGLIGENT MANSLAUGHTER (VOLUNTARY),HOMICIDE,0901,09001,MURDER / NON-NEGLIGENT MANSLAUGHTER (VOLUNTARY),2021/05/28 05:15:00+00,01:15:00,5,1,2021,1109,11,261635063001002,Grant,3,48234,-83.0275133261009,42.4329924633067,86673
-83.052800404,42.4359186290001,3636277,2105310246,Emery St & Conley St,MURDER / NON-NEGLIGENT MANSLAUGHTER (VOLUNTARY),HOMICIDE,0901,09001,MURDER / NON-NEGLIGENT MANSLAUGHTER (VOLUNTARY),2021/06/01 02:47:00+00,22:47:00,1,22,2021,1103,11,261635066002005,Farwell,3,48234,-83.0528004035951,42.4359186285875,86853
-83.1010230649999,42.3839618580001,3640932,2106100304,Woodrow Wilson St & Calvert St,MURDER / NON-NEGLIGENT MANSLAUGHTER (VOLUNTARY),HOMICIDE,0901,09001,MURDER / NON-NEGLIGENT MANSLAUGHTER (VOLUNTARY),2021/06/11 02:25:00+00,22:25:00,4,22,2021,1005,10,261635319002023,Dexter-Linwood,5,48206,-83.1010230648273,42.3839618578832,87454
-83.146639622,42.2755127560001,3641479,2106120201,Schaefer & S Ethel St,MURDER / NON-NEGLIGENT MANSLAUGHTER (VOLUNTARY),HOMICIDE,0901,09001,MURDER / NON-NEGLIGENT MANSLAUGHTER (VOLUNTARY),2021/06/12 22:53:00+00,18:53:00,6,18,2021,0415,04,261635247001002,Boynton,6,48217,-83.1466396217369,42.2755127562486,87543
-83.0245055939999,42.4413496920001,3642410,2106140415,E Outer Dr & Van Dyke St,MURDER / NON-NEGLIGENT MANSLAUGHTER (VOLUNTARY),HOMICIDE,0901,09001,MURDER / NON-NEGLIGENT MANSLAUGHTER (VOLUNTARY),2021/06/15 06:42:00+00,02:42:00,2,2,2021,1105,11,261635051001011,Conner Creek,3,48234,-83.0245055937036,42.4413496920762,87697
-83.016449458,42.439128543,3643727,2106180147,E Outer Dr & ,MURDER / NON-NEGLIGENT MANSLAUGHTER (VOLUNTARY),HOMICIDE,0901,09001,MURDER / NON-NEGLIGENT MANSLAUGHTER (VOLUNTARY),2021/06/18 18:25:00+00,14:25:00,5,14,2021,1105,11,261635051002008,Nortown,3,48234,-83.0164494581425,42.4391285426617,87906
-83.127403535,42.3408373770001,3644236,2106190320,Livernois Ave & McGraw St,MURDER / NON-NEGLIGENT MANSLAUGHTER (VOLUNTARY),HOMICIDE,0901,09001,MURDER / NON-NEGLIGENT MANSLAUGHTER (VOLUNTARY),2021/06/20 05:50:00+00,01:50:00,7,1,2021,0402,04,261635264001000,Claytown,6,48210,-83.1274035352698,42.3408373773616,87987
-83.227188282,42.4226234230001,3644846,2106210292,Stahelin Ave & Curtis St,MURDER / NON-NEGLIGENT MANSLAUGHTER (VOLUNTARY),HOMICIDE,0901,09001,MURDER / NON-NEGLIGENT MANSLAUGHTER (VOLUNTARY),2021/06/22 02:54:00+00,22:54:00,1,22,2021,0807,08,261635405001006,Evergreen-Outer Drive,1,48219,-83.2271882817071,42.4226234233461,88093
-83.153909805,42.4224621600001,3644850,2106210243,Thatcher St & Northlawn St,MURDER / NON-NEGLIGENT MANSLAUGHTER (VOLUNTARY),HOMICIDE,0901,09001,MURDER / NON-NEGLIGENT MANSLAUGHTER (VOLUNTARY),2021/06/21 08:00:00+00,04:00:00,1,4,2021,1208,12,261635385004000,Bagley,2,48221,-83.1539098050863,42.4224621604833,88095
-83.1976137249999,42.403350324,3648682,2107030035,Prest St & Keeler St,MURDER / NON-NEGLIGENT MANSLAUGHTER (VOLUNTARY),HOMICIDE,0901,09001,MURDER / NON-NEGLIGENT MANSLAUGHTER (VOLUNTARY),2021/07/03 08:30:00+00,04:30:00,6,4,2021,0201,02,261635375005002,Belmont,1,48227,-83.1976137247756,42.4033503243864,88696
-83.143725871,42.4075341710001,3650312,2107070328,Monica St & Pilgrim St,MURDER / NON-NEGLIGENT MANSLAUGHTER (VOLUNTARY),HOMICIDE,0901,09001,MURDER / NON-NEGLIGENT MANSLAUGHTER (VOLUNTARY),2021/07/08 03:37:00+00,23:37:00,3,23,2021,1211,12,261635363001002,Fitzgerald/Marygrove,2,48238,-83.1437258706669,42.4075341714264,88938
-83.104818059,42.390864923,3653878,2107180161,Richton St & S M 10 Service Drive,MURDER / NON-NEGLIGENT MANSLAUGHTER (VOLUNTARY),HOMICIDE,0901,09001,MURDER / NON-NEGLIGENT MANSLAUGHTER (VOLUNTARY),2021/07/18 20:22:00+00,16:22:00,7,16,2021,1005,10,261635319002001,Dexter-Linwood,5,48206,-83.1048180592694,42.3908649228794,89506
-83.240007007,42.3718778520001,3654843,2107210047,Stout St & Plymouth Rd,MURDER / NON-NEGLIGENT MANSLAUGHTER (VOLUNTARY),HOMICIDE,0901,09001,MURDER / NON-NEGLIGENT MANSLAUGHTER (VOLUNTARY),2021/07/21 12:31:00+00,08:31:00,3,8,2021,0603,06,261635464002007,Weatherby,7,48228,-83.2400070065294,42.3718778524571,89670
-83.068496139,42.437987063,3655480,2107220265,Revere St & E Lantz St,MURDER / NON-NEGLIGENT MANSLAUGHTER (VOLUNTARY),HOMICIDE,0901,09001,MURDER / NON-NEGLIGENT MANSLAUGHTER (VOLUNTARY),2021/07/23 01:34:00+00,21:34:00,4,21,2021,1102,11,261635069004001,Pershing,3,48234,-83.0684961390346,42.4379870630837,89759
-83.167667702,42.3882844440001,3656106,2107240284,Schoolcraft St & Manor,MURDER / NON-NEGLIGENT MANSLAUGHTER (VOLUNTARY),HOMICIDE,0901,09001,MURDER / NON-NEGLIGENT MANSLAUGHTER (VOLUNTARY),2021/07/25 03:46:00+00,23:46:00,6,23,2021,0203,02,261635366001020,Northwest Community,7,48238,-83.1676677022052,42.3882844435559,89877
-83.1363848509999,42.3353112090001,3656436,2107250281,Chopin St & Panama St,MURDER / NON-NEGLIGENT MANSLAUGHTER (VOLUNTARY),HOMICIDE,0901,09001,MURDER / NON-NEGLIGENT MANSLAUGHTER (VOLUNTARY),2021/07/26 06:11:00+00,02:11:00,1,2,2021,0402,04,261635263001001,Claytown,6,48210,-83.13638485104,42.3353112091198,89943
-83.1551272249999,42.2627645330001,3656680,2107260185,S Bassett St & Francis St,MURDER / NON-NEGLIGENT MANSLAUGHTER (VOLUNTARY),HOMICIDE,0901,09001,MURDER / NON-NEGLIGENT MANSLAUGHTER (VOLUNTARY),2021/07/26 21:15:00+00,17:15:00,1,17,2021,0415,04,261635248001003,Boynton,6,48217,-83.155127224937,42.2627645330638,89984
-83.244946333,42.402361925,3656774,2107260331,Keeler St & Braile St,MURDER / NON-NEGLIGENT MANSLAUGHTER (VOLUNTARY),HOMICIDE,0901,09001,MURDER / NON-NEGLIGENT MANSLAUGHTER (VOLUNTARY),2021/07/27 05:36:00+00,01:36:00,2,1,2021,0805,08,261635435001001,Brightmoor,1,48223,-83.244946333158,42.4023619245363,89999
-83.119137845,42.3941021210001,3657153,2107270374,La Salle Blvd & W Davison St,MURDER / NON-NEGLIGENT MANSLAUGHTER (VOLUNTARY),HOMICIDE,0901,09001,MURDER / NON-NEGLIGENT MANSLAUGHTER (VOLUNTARY),2021/07/28 07:18:00+00,03:18:00,3,3,2021,1003,10,261635318003005,Dexter-Linwood,5,48238,-83.1191378445905,42.3941021211045,90057
-83.163068379,42.3661047510001,3658806,2108010163,Birwood St & W Chicago St,MURDER / NON-NEGLIGENT MANSLAUGHTER (VOLUNTARY),HOMICIDE,0901,09001,MURDER / NON-NEGLIGENT MANSLAUGHTER (VOLUNTARY),2021/08/01 21:15:00+00,17:15:00,7,17,2021,0208,02,261635344002023,Barton-McFarland,7,48204,-83.1630683785197,42.3661047507521,90342
-82.951443962,42.41866407,3659254,2108030009,Roxbury St & Yorkshire Rd,MURDER / NON-NEGLIGENT MANSLAUGHTER (VOLUNTARY),HOMICIDE,0901,09001,MURDER / NON-NEGLIGENT MANSLAUGHTER (VOLUNTARY),2021/08/03 08:26:00+00,04:26:00,2,4,2021,0907,09,261635010001003,Yorkshire Woods,4,48224,-82.9514439618222,42.4186640700394,90428
-83.1370923599999,42.3418855560001,3659969,2108040204,Braden St & Kirkwood St,MURDER / NON-NEGLIGENT MANSLAUGHTER (VOLUNTARY),HOMICIDE,0901,09001,MURDER / NON-NEGLIGENT MANSLAUGHTER (VOLUNTARY),2021/08/04 23:10:00+00,19:10:00,3,19,2021,0402,04,261635263002006,Claytown,6,48210,-83.1370923595174,42.3418855556268,90532
-83.25071503,42.407639741,3660932,2108070067,Puritan St & Westbrook St,MURDER / NON-NEGLIGENT MANSLAUGHTER (VOLUNTARY),HOMICIDE,0901,09001,MURDER / NON-NEGLIGENT MANSLAUGHTER (VOLUNTARY),2021/08/07 12:30:00+00,08:30:00,6,8,2021,0810,08,261635432002014,Miller Grove,1,48219,-83.2507150302864,42.407639740651,90692
-83.0420155479999,42.331847469,3663350,2108140037,Brush St & E Congress St,MURDER / NON-NEGLIGENT MANSLAUGHTER (VOLUNTARY),HOMICIDE,0901,09001,MURDER / NON-NEGLIGENT MANSLAUGHTER (VOLUNTARY),2021/08/14 09:52:00+00,05:52:00,6,5,2021,0312,03,261635172001056,Downtown,5,48226,-83.0420155482363,42.3318474690031,91103
-83.135511353,42.3281244500001,3664024,2108160041,Saint Stephens St & Central St,MURDER / NON-NEGLIGENT MANSLAUGHTER (VOLUNTARY),HOMICIDE,0901,09001,MURDER / NON-NEGLIGENT MANSLAUGHTER (VOLUNTARY),2021/08/16 12:01:00+00,08:01:00,1,8,2021,0405,04,261635257002005,Claytown,6,48210,-83.1355113527059,42.3281244503779,91196
-82.965759615,42.442685112,3665666,2108200233,E State Fair St & Hayes St,MURDER / NON-NEGLIGENT MANSLAUGHTER (VOLUNTARY),HOMICIDE,0901,09001,MURDER / NON-NEGLIGENT MANSLAUGHTER (VOLUNTARY),2021/08/20 23:34:00+00,19:34:00,5,19,2021,0902,09,261635003004000,Regent Park,3,48205,-82.9657596145949,42.4426851123858,91455
-83.156022907,42.4457788170001,3666413,2108220326,8 Mile Rd & Cherrylawn St,MURDER / NON-NEGLIGENT MANSLAUGHTER (VOLUNTARY),HOMICIDE,0901,09001,MURDER / NON-NEGLIGENT MANSLAUGHTER (VOLUNTARY),2021/08/23 06:45:00+00,02:45:00,1,2,2021,1203,12,261635390003003,Garden Homes,2,48221,-83.1560229073034,42.4457788174737,91567
-83.192192623,42.374898349,3669570,2108300321,Wadsworth St & Robson St,MURDER / NON-NEGLIGENT MANSLAUGHTER (VOLUNTARY),HOMICIDE,0901,09001,MURDER / NON-NEGLIGENT MANSLAUGHTER (VOLUNTARY),2021/08/31 01:00:00+00,21:00:00,1,21,2021,0204,02,261635353005005,Plymouth-Hubbell,7,48227,-83.1921926227817,42.3748983491848,92020
-83.256473871,42.38661863,3670588,2109020061,W Outer Dr & Jason St,MURDER / NON-NEGLIGENT MANSLAUGHTER (VOLUNTARY),HOMICIDE,0901,09001,MURDER / NON-NEGLIGENT MANSLAUGHTER (VOLUNTARY),2021/09/02 12:40:00+00,08:40:00,4,8,2021,0602,06,261635438001009,Brightmoor,1,48223,-83.2564738714517,42.3866186302289,92161
-83.0615497589999,42.444025987,3671738,2109050012,Sunset St & Amrad St,MURDER / NON-NEGLIGENT MANSLAUGHTER (VOLUNTARY),HOMICIDE,0901,09001,MURDER / NON-NEGLIGENT MANSLAUGHTER (VOLUNTARY),2021/09/05 08:24:00+00,04:24:00,7,4,2021,1103,11,261635068003019,Farwell,3,48234,-83.0615497588664,42.4440259869606,92304
-83.121322413,42.313879151,3671753,2109050051,W Vernor Hwy & N Green St,MURDER / NON-NEGLIGENT MANSLAUGHTER (VOLUNTARY),HOMICIDE,0901,09001,MURDER / NON-NEGLIGENT MANSLAUGHTER (VOLUNTARY),2021/09/05 10:52:00+00,06:52:00,7,6,2021,0407,04,261635240003000,Springwells,6,48209,-83.1213224127299,42.3138791506916,92308
-83.0671936259999,42.4077407190001,3674742,2109120312,Maine St & Halleck St,MURDER / NON-NEGLIGENT MANSLAUGHTER (VOLUNTARY),HOMICIDE,0901,09001,MURDER / NON-NEGLIGENT MANSLAUGHTER (VOLUNTARY),2021/09/13 05:46:00+00,01:46:00,1,1,2021,1110,11,261635105003025,Campau/Banglatown,3,48212,-83.0671936264479,42.4077407186387,92712
-83.174938874,42.41663213,3675356,2109140212,Ward St & W McNichols Rd,MURDER / NON-NEGLIGENT MANSLAUGHTER (VOLUNTARY),HOMICIDE,0901,09001,MURDER / NON-NEGLIGENT MANSLAUGHTER (VOLUNTARY),2021/09/14 21:31:00+00,17:31:00,2,17,2021,1207,12,261635395001021,Schulze,2,48235,-83.1749388738761,42.4166321296365,92807
-83.136792035,42.356592479,3679797,2109260092,Military & Linsdale St,MURDER / NON-NEGLIGENT MANSLAUGHTER (VOLUNTARY),HOMICIDE,0901,09001,MURDER / NON-NEGLIGENT MANSLAUGHTER (VOLUNTARY),2021/09/26 16:42:00+00,12:42:00,7,12,2021,1006,10,261635337001014,Midwest,6,48204,-83.1367920345437,42.3565924785243,93416
-82.994395907,42.4128071280001,3679823,2109260127,Bradford St & Saint Patrick St,MURDER / NON-NEGLIGENT MANSLAUGHTER (VOLUNTARY),HOMICIDE,0901,09001,MURDER / NON-NEGLIGENT MANSLAUGHTER (VOLUNTARY),2021/09/26 06:00:00+00,02:00:00,7,2,2021,0909,09,261635054004011,Gratiot-Findlay,4,48205,-82.9943959070443,42.4128071276166,93426
-83.009502109,42.4324994620001,3683850,2110060315,Eastwood St & Beland St,MURDER / NON-NEGLIGENT MANSLAUGHTER (VOLUNTARY),HOMICIDE,0901,09001,MURDER / NON-NEGLIGENT MANSLAUGHTER (VOLUNTARY),2021/10/07 01:10:00+00,21:10:00,3,21,2021,0904,09,261635049001004,Mount Olivet,3,48234,-83.0095021094106,42.4324994617491,93990
-83.176972577,42.431156899,3685164,2110100025,Littlefield St & W 7 Mile Rd,MURDER / NON-NEGLIGENT MANSLAUGHTER (VOLUNTARY),HOMICIDE,0901,09001,MURDER / NON-NEGLIGENT MANSLAUGHTER (VOLUNTARY),2021/10/10 08:55:00+00,04:55:00,7,4,2021,1202,12,261635393003024,Greenwich,2,48235,-83.176972577027,42.4311568994192,94224
-83.2165396299999,42.343368393,3688555,2110180364,W Warren Ave & S M 39 Service Drive,MURDER / NON-NEGLIGENT MANSLAUGHTER (VOLUNTARY),HOMICIDE,0901,09001,MURDER / NON-NEGLIGENT MANSLAUGHTER (VOLUNTARY),2021/10/19 04:41:00+00,00:41:00,2,0,2021,0612,06,261635458005002,Warrendale,7,48228,-83.2165396299326,42.343368392502,94714
-83.128726753,42.3526288790001,3690549,2110230246,Colfax St & Allendale St,MURDER / NON-NEGLIGENT MANSLAUGHTER (VOLUNTARY),HOMICIDE,0901,09001,MURDER / NON-NEGLIGENT MANSLAUGHTER (VOLUNTARY),2021/10/24 02:30:00+00,22:30:00,6,22,2021,1006,10,261635337001021,Midwest,6,48204,-83.1287267528675,42.3526288794988,95004
-83.11742673,42.376168378,3693939,2111010253,W Boston Blvd & Wildemere St,MURDER / NON-NEGLIGENT MANSLAUGHTER (VOLUNTARY),HOMICIDE,0901,09001,MURDER / NON-NEGLIGENT MANSLAUGHTER (VOLUNTARY),2021/11/01 22:42:00+00,18:42:00,1,18,2021,1005,10,261635311002008,Dexter-Linwood,5,48206,-83.1174267302192,42.3761683776845,95483
-83.1217175049999,42.365653481,3694173,2111020082,Petoskey Ave & Otsego St,MURDER / NON-NEGLIGENT MANSLAUGHTER (VOLUNTARY),HOMICIDE,0901,09001,MURDER / NON-NEGLIGENT MANSLAUGHTER (VOLUNTARY),2021/11/02 16:44:00+00,12:44:00,2,12,2021,1007,10,261635334001004,Petoskey-Otsego,5,48204,-83.1217175049892,42.3656534807555,95511
-83.172535227,42.4021894950001,3695603,2111050330,Sorrento St & Fenkell St,MURDER / NON-NEGLIGENT MANSLAUGHTER (VOLUNTARY),HOMICIDE,0901,09001,MURDER / NON-NEGLIGENT MANSLAUGHTER (VOLUNTARY),2021/11/06 05:05:00+00,01:05:00,6,1,2021,0203,02,261635371003002,Bethune Community,2,48227,-83.1725352272134,42.4021894945571,95714
-83.008047274,42.413494789,3698118,2111120236,Conner St & College St,MURDER / NON-NEGLIGENT MANSLAUGHTER (VOLUNTARY),HOMICIDE,0901,09001,MURDER / NON-NEGLIGENT MANSLAUGHTER (VOLUNTARY),2021/11/13 01:49:00+00,20:49:00,5,20,2021,0908,09,261635048001000,Airport Sub,4,48205,-83.0080472739531,42.4134947890263,96100
-83.124345567,42.367634062,3698656,2111140136,N Martindale St & Joy Rd,MURDER / NON-NEGLIGENT MANSLAUGHTER (VOLUNTARY),HOMICIDE,0901,09001,MURDER / NON-NEGLIGENT MANSLAUGHTER (VOLUNTARY),2021/11/14 20:00:00+00,15:00:00,7,15,2021,1007,10,261635334004001,Petoskey-Otsego,5,48204,-83.1243455673143,42.3676340620162,96181
-83.193894399,42.4359707570001,3700359,2111180222,Robson St & Saint Martins Ave,MURDER / NON-NEGLIGENT MANSLAUGHTER (VOLUNTARY),HOMICIDE,0901,09001,MURDER / NON-NEGLIGENT MANSLAUGHTER (VOLUNTARY),2021/11/18 22:27:00+00,17:27:00,4,17,2021,1206,12,261635397001013,Seven Mile Lodge,2,48235,-83.1938943993315,42.4359707567359,96447
-83.256166385,42.3819575630001,3703391,2111270295,Dolson St & Lahser Rd,MURDER / NON-NEGLIGENT MANSLAUGHTER (VOLUNTARY),HOMICIDE,0901,09001,MURDER / NON-NEGLIGENT MANSLAUGHTER (VOLUNTARY),2021/11/28 06:00:00+00,01:00:00,7,1,2021,0600,06,261635439001010,Brightmoor,1,48223,-83.2561663851324,42.3819575629926,96884
-83.180624453,42.434568536,3704035,2111290325,Vassar Ave & Schaefer Hwy,MURDER / NON-NEGLIGENT MANSLAUGHTER (VOLUNTARY),HOMICIDE,0901,09001,MURDER / NON-NEGLIGENT MANSLAUGHTER (VOLUNTARY),2021/11/30 05:15:00+00,00:15:00,2,0,2021,1201,12,261635393001024,Schaefer 7/8 Lodge,2,48235,-83.1806244533888,42.4345685362636,96997
-83.158501765,42.261947621,3705620,2112030319,Gleason St & S Deacon St,MURDER / NON-NEGLIGENT MANSLAUGHTER (VOLUNTARY),HOMICIDE,0901,09001,MURDER / NON-NEGLIGENT MANSLAUGHTER (VOLUNTARY),2021/12/04 03:45:00+00,22:45:00,5,22,2021,0415,04,261635248001007,Boynton,6,48217,-83.1585017651065,42.2619476205066,97222
-82.958620998,42.397555755,3706309,2112050209,Frankfort St & Marlborough St,MURDER / NON-NEGLIGENT MANSLAUGHTER (VOLUNTARY),HOMICIDE,0901,09001,MURDER / NON-NEGLIGENT MANSLAUGHTER (VOLUNTARY),2021/12/06 00:30:00+00,19:30:00,7,19,2021,0503,05,261635121005007,Chandler Park-Chalmers,4,48224,-82.9586209975479,42.3975557549699,97349
-83.219708181,42.3470135910001,3707605,2112080400,Sawyer St & Penrod St,MURDER / NON-NEGLIGENT MANSLAUGHTER (VOLUNTARY),HOMICIDE,0901,09001,MURDER / NON-NEGLIGENT MANSLAUGHTER (VOLUNTARY),2021/12/09 08:00:00+00,03:00:00,4,3,2021,0610,06,261635459001005,Warrendale,7,48228,-83.2197081813865,42.3470135911518,97510
-83.169867575,42.381190018,3707701,2112090079,Grand River Ave & Appoline,MURDER / NON-NEGLIGENT MANSLAUGHTER (VOLUNTARY),HOMICIDE,0901,09001,MURDER / NON-NEGLIGENT MANSLAUGHTER (VOLUNTARY),2021/12/09 19:10:00+00,14:10:00,4,14,2021,0205,02,261635352004007,Grand River-I96,7,48227,-83.1698675746506,42.3811900184373,97523
-83.098500026,42.3239946940001,3710625,2112170018,Brandon St & Clark St,MURDER / NON-NEGLIGENT MANSLAUGHTER (VOLUNTARY),HOMICIDE,0901,09001,MURDER / NON-NEGLIGENT MANSLAUGHTER (VOLUNTARY),2021/12/17 11:02:00+00,06:02:00,5,6,2021,0410,04,261635231001027,Central Southwest,6,48209,-83.0985000260048,42.3239946943479,97901
-82.9849196069999,42.4296832690001,3711984,2112200323,Park Grove St & Schoenherr St,MURDER / NON-NEGLIGENT MANSLAUGHTER (VOLUNTARY),HOMICIDE,0901,09001,MURDER / NON-NEGLIGENT MANSLAUGHTER (VOLUNTARY),2021/12/21 03:32:00+00,22:32:00,1,22,2021,0905,09,261635035002001,Franklin,3,48205,-82.9849196073427,42.4296832689813,98107
-83.132132983,42.3145148780001,3714076,2112230309,Norman St & Belle St,MURDER / NON-NEGLIGENT MANSLAUGHTER (VOLUNTARY),HOMICIDE,0901,09001,MURDER / NON-NEGLIGENT MANSLAUGHTER (VOLUNTARY),2021/12/24 08:53:00+00,03:53:00,5,3,2021,0407,04,261635241002004,Springwells,6,48209,-83.1321329831607,42.3145148781741,98282
-83.163875597,42.4223061800001,3584233,2101010021,Griggs St & Thatcher St,MURDER / NON-NEGLIGENT MANSLAUGHTER (VOLUNTARY),HOMICIDE,0901,09001,MURDER / NON-NEGLIGENT MANSLAUGHTER (VOLUNTARY),2021/01/01 10:30:00+00,05:30:00,5,5,2021,1207,12,261635387001006,Schulze,2,48221,-83.163875596634,42.4223061796583,184880
-83.123471466,42.373887768,3586474,2101080033,W Boston Blvd & Holmur St,MURDER / NON-NEGLIGENT MANSLAUGHTER (VOLUNTARY),HOMICIDE,0901,09001,MURDER / NON-NEGLIGENT MANSLAUGHTER (VOLUNTARY),2021/01/08 12:01:00+00,07:01:00,5,7,2021,1004,10,261635309003021,Nardin Park,7,48206,-83.1234714656321,42.3738877681878,185249
-83.110638034,42.365892101,3590359,2101190331,Wildemere St & W Philadelphia St,MURDER / NON-NEGLIGENT MANSLAUGHTER (VOLUNTARY),HOMICIDE,0901,09001,MURDER / NON-NEGLIGENT MANSLAUGHTER (VOLUNTARY),2021/01/20 06:11:00+00,01:11:00,3,1,2021,1007,10,261635332002007,Jamison,5,48206,-83.1106380341074,42.365892101395,185823
-82.997737313,42.349564753,3591625,2101230250,Baldwin St & E Jefferson Ave,MURDER / NON-NEGLIGENT MANSLAUGHTER (VOLUNTARY),HOMICIDE,0901,09001,MURDER / NON-NEGLIGENT MANSLAUGHTER (VOLUNTARY),2021/01/24 04:55:00+00,23:55:00,6,23,2021,0711,07,261635153002011,Islandview,5,48214,-82.9977373134968,42.3495647533509,186002
-82.965212712,42.425600983,3598218,2102140165,Hayes St & Cedargrove St,MURDER / NON-NEGLIGENT MANSLAUGHTER (VOLUNTARY),HOMICIDE,0901,09001,MURDER / NON-NEGLIGENT MANSLAUGHTER (VOLUNTARY),2021/02/14 23:40:00+00,18:40:00,7,18,2021,0906,09,261635005003003,Mapleridge,4,48205,-82.9652127116658,42.4256009831754,186942
-82.965087521,42.3932132320001,3599910,2102200184,Drexel St & E Warren Ave,MURDER / NON-NEGLIGENT MANSLAUGHTER (VOLUNTARY),HOMICIDE,0901,09001,MURDER / NON-NEGLIGENT MANSLAUGHTER (VOLUNTARY),2021/02/21 02:05:00+00,21:05:00,6,21,2021,0503,05,261635123002000,Fox Creek,4,48215,-82.9650875214288,42.3932132322622,187166
-83.281272272,42.4167974650001,3601423,2102250047,Lenore Ave & Santa Maria St,MURDER / NON-NEGLIGENT MANSLAUGHTER (VOLUNTARY),HOMICIDE,0901,09001,MURDER / NON-NEGLIGENT MANSLAUGHTER (VOLUNTARY),2021/02/25 11:30:00+00,06:30:00,4,6,2021,0805,08,261635413001002,The Eye,1,48219,-83.2812722715717,42.4167974651002,187391
-83.216263759,42.386744444,3602010,2102260258,Schoolcraft St & Archdale St,MURDER / NON-NEGLIGENT MANSLAUGHTER (VOLUNTARY),HOMICIDE,0901,09001,MURDER / NON-NEGLIGENT MANSLAUGHTER (VOLUNTARY),2021/02/27 05:42:00+00,00:42:00,6,0,2021,0814,08,261635425002009,Grandmont,1,48227,-83.2162637585925,42.3867444442179,187458
-83.2356525609999,42.3862873800001,3602620,2102280291,Schoolcraft St & Plainview Ave,MURDER / NON-NEGLIGENT MANSLAUGHTER (VOLUNTARY),HOMICIDE,0901,09001,MURDER / NON-NEGLIGENT MANSLAUGHTER (VOLUNTARY),2021/03/01 07:57:00+00,02:57:00,1,2,2021,0604,06,261635427001014,Schoolcraft Southfield,1,48223,-83.2356525613284,42.3862873798955,187548
-83.0990202199999,42.3592335540001,3609583,2103210168,Ferry Park St & Linwood St,MURDER / NON-NEGLIGENT MANSLAUGHTER (VOLUNTARY),HOMICIDE,0901,09001,MURDER / NON-NEGLIGENT MANSLAUGHTER (VOLUNTARY),2021/03/21 22:10:00+00,18:10:00,7,18,2021,0304,03,261635223002023,NW Goldberg,5,48208,-83.0990202197092,42.3592335536062,188513
-83.228992892,42.334364199,3609789,2103220033,Dayton St & Grandville Ave,MURDER / NON-NEGLIGENT MANSLAUGHTER (VOLUNTARY),HOMICIDE,0901,09001,MURDER / NON-NEGLIGENT MANSLAUGHTER (VOLUNTARY),2021/03/22 10:13:00+00,06:13:00,1,6,2021,0612,06,261635457001003,Warrendale,7,48228,-83.2289928921407,42.3343641987066,188561
-83.167932605,42.3660063080001,3612175,2103280084,Meyers Rd & W Chicago St,MURDER / NON-NEGLIGENT MANSLAUGHTER (VOLUNTARY),HOMICIDE,0901,09001,MURDER / NON-NEGLIGENT MANSLAUGHTER (VOLUNTARY),2021/03/28 13:24:00+00,09:24:00,7,9,2021,0208,02,261635344002015,Barton-McFarland,7,48227,-83.1679326053964,42.3660063078569,188860
-83.022094443,42.354166021,3612802,2103300047,Hendricks St & Moran St,MURDER / NON-NEGLIGENT MANSLAUGHTER (VOLUNTARY),HOMICIDE,0901,09001,MURDER / NON-NEGLIGENT MANSLAUGHTER (VOLUNTARY),2021/03/30 10:39:00+00,06:39:00,2,6,2021,0707,07,261635168001009,McDougall-Hunt,5,48207,-83.0220944430812,42.3541660213056,188937
-83.1125294289999,42.391098823,3614318,2104020325,14th St & Fullerton St,MURDER / NON-NEGLIGENT MANSLAUGHTER (VOLUNTARY),HOMICIDE,0901,09001,MURDER / NON-NEGLIGENT MANSLAUGHTER (VOLUNTARY),2021/04/03 05:03:00+00,01:03:00,6,1,2021,1003,10,261635318002000,Dexter-Linwood,5,48206,-83.1125294285158,42.3910988233892,189121
-83.0004321279999,42.360860567,3614972,2104050032,E Vernor Hwy & Parker St,MURDER / NON-NEGLIGENT MANSLAUGHTER (VOLUNTARY),HOMICIDE,0901,09001,MURDER / NON-NEGLIGENT MANSLAUGHTER (VOLUNTARY),2021/04/05 11:05:00+00,07:05:00,1,7,2021,0708,07,261635152001000,Islandview,5,48214,-83.0004321280547,42.3608605674478,189243
-83.221960695,42.4270397920001,3615834,2104070106,Rosemont Ave & Margareta St,MURDER / NON-NEGLIGENT MANSLAUGHTER (VOLUNTARY),HOMICIDE,0901,09001,MURDER / NON-NEGLIGENT MANSLAUGHTER (VOLUNTARY),2021/04/07 17:30:00+00,13:30:00,3,13,2021,0807,08,261635405003002,Evergreen-Outer Drive,2,48219,-83.221960695299,42.4270397919573,189379
-82.979967253,42.3750516960001,3616682,2104090199,Fairview St & Goethe Ave,MURDER / NON-NEGLIGENT MANSLAUGHTER (VOLUNTARY),HOMICIDE,0901,09001,MURDER / NON-NEGLIGENT MANSLAUGHTER (VOLUNTARY),2021/04/09 23:33:00+00,19:33:00,5,19,2021,0508,05,261635139001001,East Village,4,48214,-82.9799672526031,42.3750516957629,189513
-83.1533038219999,42.398031444,3619731,2104180030,Northlawn St & Eaton St,MURDER / NON-NEGLIGENT MANSLAUGHTER (VOLUNTARY),HOMICIDE,0901,09001,MURDER / NON-NEGLIGENT MANSLAUGHTER (VOLUNTARY),2021/04/18 09:17:00+00,05:17:00,7,5,2021,1001,10,261635364001004,Chalfonte,2,48238,-83.1533038216245,42.3980314437801,189962
-83.157829416,42.359009798,3620867,2104210130,Joy Rd & Esper St,MURDER / NON-NEGLIGENT MANSLAUGHTER (VOLUNTARY),HOMICIDE,0901,09001,MURDER / NON-NEGLIGENT MANSLAUGHTER (VOLUNTARY),2021/04/21 18:40:00+00,14:40:00,3,14,2021,0209,02,261635347004021,Barton-McFarland,7,48204,-83.1578294156919,42.3590097983109,190102
-83.1314642579999,42.40468751,3621619,2104230169,Parkside St & Keeler Ave,MURDER / NON-NEGLIGENT MANSLAUGHTER (VOLUNTARY),HOMICIDE,0901,09001,MURDER / NON-NEGLIGENT MANSLAUGHTER (VOLUNTARY),2021/04/23 08:00:00+00,04:00:00,5,4,2021,1001,10,261635303003015,Pilgrim Village,2,48238,-83.1314642583478,42.4046875103008,190219
-83.1381051709999,42.3346216940001,3622305,2104250141,Proctor St & Panama St,MURDER / NON-NEGLIGENT MANSLAUGHTER (VOLUNTARY),HOMICIDE,0901,09001,MURDER / NON-NEGLIGENT MANSLAUGHTER (VOLUNTARY),2021/04/25 09:03:00+00,05:03:00,7,5,2021,0402,04,261635263001004,Claytown,6,48210,-83.1381051714511,42.3346216936007,190324
-83.0609553529999,42.4331854420001,3631637,2105190286,E 7 Mile Rd & Sunset St,MURDER / NON-NEGLIGENT MANSLAUGHTER (VOLUNTARY),HOMICIDE,0901,09001,MURDER / NON-NEGLIGENT MANSLAUGHTER (VOLUNTARY),2021/05/20 00:15:00+00,20:15:00,3,20,2021,1108,11,261635070002002,Krainz Woods,3,48234,-83.0609553526438,42.4331854420529,191645
-83.1955368,42.383840546,3632927,2105220266,Tyler St & Whitcomb St,MURDER / NON-NEGLIGENT MANSLAUGHTER (VOLUNTARY),HOMICIDE,0901,09001,MURDER / NON-NEGLIGENT MANSLAUGHTER (VOLUNTARY),2021/05/23 03:10:00+00,23:10:00,6,23,2021,0204,02,261635373002002,Schoolcraft Southfield,1,48227,-83.1955368003347,42.3838405461037,191832
-83.221960695,42.4270397920001,3634904,2105270233,Rosemont Ave & Margareta St,MURDER / NON-NEGLIGENT MANSLAUGHTER (VOLUNTARY),HOMICIDE,0901,09001,MURDER / NON-NEGLIGENT MANSLAUGHTER (VOLUNTARY),2021/05/27 22:25:00+00,18:25:00,4,18,2021,0807,08,261635405003002,Evergreen-Outer Drive,2,48219,-83.221960695299,42.4270397919573,192125
-83.12547312,42.3283156190001,3635768,2105300084,Edward & Martin St,MURDER / NON-NEGLIGENT MANSLAUGHTER (VOLUNTARY),HOMICIDE,0901,09001,MURDER / NON-NEGLIGENT MANSLAUGHTER (VOLUNTARY),2021/05/30 14:24:00+00,10:24:00,7,10,2021,0405,04,261635257003015,Claytown,6,48210,-83.1254731196911,42.3283156193105,192270
-83.022094443,42.354166021,3638450,2106060335,Hendricks St & Moran St,MURDER / NON-NEGLIGENT MANSLAUGHTER (VOLUNTARY),HOMICIDE,0901,09001,MURDER / NON-NEGLIGENT MANSLAUGHTER (VOLUNTARY),2021/06/07 06:44:00+00,02:44:00,1,2,2021,0710,07,261635167001000,Elmwood Park,5,48207,-83.0220944430812,42.3541660213056,192733
-83.214317219,42.367561983,3639757,2106070266,Longacre St & Orangelawn St,MURDER / NON-NEGLIGENT MANSLAUGHTER (VOLUNTARY),HOMICIDE,0901,09001,MURDER / NON-NEGLIGENT MANSLAUGHTER (VOLUNTARY),2021/06/08 01:05:00+00,21:05:00,1,21,2021,0603,06,261635452003006,Joy Community,7,48227,-83.2143172191055,42.3675619832874,192787
-83.027106448,42.392713115,3640399,2106090170,Saint Cyril Ave & Erbie St,MURDER / NON-NEGLIGENT MANSLAUGHTER (VOLUNTARY),HOMICIDE,0901,09001,MURDER / NON-NEGLIGENT MANSLAUGHTER (VOLUNTARY),2021/06/09 20:31:00+00,16:31:00,3,16,2021,1112,11,261635110001004,Airport Sub,3,48213,-83.0271064484148,42.3927131152349,192895
-82.975851986,42.4495378020001,3643453,2106170371,8 Mile Rd & Regent Dr,MURDER / NON-NEGLIGENT MANSLAUGHTER (VOLUNTARY),HOMICIDE,0901,09001,MURDER / NON-NEGLIGENT MANSLAUGHTER (VOLUNTARY),2021/06/15 05:11:00+00,01:11:00,2,1,2021,0902,09,261635031001003,Mohican Regent,3,48205,-82.975851986163,42.4495378020129,193417
-83.210538814,42.4284330890001,3646258,2106250298,Ferguson St & Clarita St,MURDER / NON-NEGLIGENT MANSLAUGHTER (VOLUNTARY),HOMICIDE,0901,09001,MURDER / NON-NEGLIGENT MANSLAUGHTER (VOLUNTARY),2021/06/26 07:14:00+00,03:14:00,6,3,2021,0808,08,261635403005002,College Park,2,48235,-83.2105388141251,42.4284330894135,193906
-83.18923735,42.4090632470001,3647210,2106290006,Puritan St & Hubbell St,MURDER / NON-NEGLIGENT MANSLAUGHTER (VOLUNTARY),HOMICIDE,0901,09001,MURDER / NON-NEGLIGENT MANSLAUGHTER (VOLUNTARY),2021/06/29 07:45:00+00,03:45:00,2,3,2021,0201,02,261635376002011,Hubbell-Puritan,1,48235,-83.1892373499186,42.4090632466316,194082
-83.1781149349999,42.376258093,3647354,2106290076,Castleton St & Schaefer Hwy,MURDER / NON-NEGLIGENT MANSLAUGHTER (VOLUNTARY),HOMICIDE,0901,09001,MURDER / NON-NEGLIGENT MANSLAUGHTER (VOLUNTARY),2021/06/29 17:09:00+00,13:09:00,2,13,2021,0204,02,261635352003005,Paveway,7,48227,-83.1781149351394,42.3762580933516,194107
-83.1781149349999,42.376258093,3647958,2106300360,Castleton St & Schaefer Hwy,MURDER / NON-NEGLIGENT MANSLAUGHTER (VOLUNTARY),HOMICIDE,0901,09001,MURDER / NON-NEGLIGENT MANSLAUGHTER (VOLUNTARY),2021/07/01 06:23:00+00,02:23:00,4,2,2021,0205,02,261635352003005,Paveway,7,48227,-83.1781149351394,42.3762580933516,194217
-83.206339962,42.4031392590001,3649293,2107050001,Keeler St & Saint Marys St,MURDER / NON-NEGLIGENT MANSLAUGHTER (VOLUNTARY),HOMICIDE,0901,09001,MURDER / NON-NEGLIGENT MANSLAUGHTER (VOLUNTARY),2021/07/05 07:00:00+00,03:00:00,1,3,2021,0812,08,261635422002005,Crary/St Marys,1,48227,-83.2063399619197,42.4031392593256,194484
-82.9288831379999,42.4004555830001,3651950,2107120310,Grayton St & Waveney St,MURDER / NON-NEGLIGENT MANSLAUGHTER (VOLUNTARY),HOMICIDE,0901,09001,MURDER / NON-NEGLIGENT MANSLAUGHTER (VOLUNTARY),2021/07/13 07:17:00+00,03:17:00,2,3,2021,0507,05,261635018004002,East English Village,4,48224,-82.9288831384032,42.4004555825202,194936
-83.105587567,42.368670459,3655028,2107210254,Linwood St & Pingree St,MURDER / NON-NEGLIGENT MANSLAUGHTER (VOLUNTARY),HOMICIDE,0901,09001,MURDER / NON-NEGLIGENT MANSLAUGHTER (VOLUNTARY),2021/07/22 00:38:00+00,20:38:00,3,20,2021,1007,10,261635331003004,North LaSalle,5,48206,-83.1055875670218,42.3686704587853,195452
-83.093212356,42.335483234,3656435,2107250266,Martin Luther King Jr Blvd & 23rd St,MURDER / NON-NEGLIGENT MANSLAUGHTER (VOLUNTARY),HOMICIDE,0901,09001,MURDER / NON-NEGLIGENT MANSLAUGHTER (VOLUNTARY),2021/07/26 04:56:00+00,00:56:00,1,0,2021,0307,03,261635213001015,Chadsey Condon,6,48208,-83.0932123558164,42.3354832335333,195698
-83.213353435,42.3397981050001,3656563,2107260005,Longacre St & Whitlock St,MURDER / NON-NEGLIGENT MANSLAUGHTER (VOLUNTARY),HOMICIDE,0901,09001,MURDER / NON-NEGLIGENT MANSLAUGHTER (VOLUNTARY),2021/07/26 08:00:00+00,04:00:00,1,4,2021,0612,06,261635456005000,Warren Ave Community,7,48228,-83.213353434784,42.3397981047312,195714
-83.234298778,42.346816178,3660688,2108060194,Plainview Ave & Sawyer St,MURDER / NON-NEGLIGENT MANSLAUGHTER (VOLUNTARY),HOMICIDE,0901,09001,MURDER / NON-NEGLIGENT MANSLAUGHTER (VOLUNTARY),2021/08/06 21:38:00+00,17:38:00,5,17,2021,0610,06,261635459004001,Warrendale,7,48228,-83.2342987782086,42.3468161781033,196409
-82.968545478,42.448953165,3660836,2108070014,Gratiot Ave & Carlisle St,MURDER / NON-NEGLIGENT MANSLAUGHTER (VOLUNTARY),HOMICIDE,0901,09001,MURDER / NON-NEGLIGENT MANSLAUGHTER (VOLUNTARY),2021/08/07 07:56:00+00,03:56:00,6,3,2021,0902,09,261635031001000,Mohican Regent,3,48205,-82.9685454783711,42.4489531652575,196435
-82.9408438359999,42.410198972,3661447,2108080283,Whittier St & Linville St,MURDER / NON-NEGLIGENT MANSLAUGHTER (VOLUNTARY),HOMICIDE,0901,09001,MURDER / NON-NEGLIGENT MANSLAUGHTER (VOLUNTARY),2021/08/09 04:43:00+00,00:43:00,1,0,2021,0504,05,261635014004023,Morningside,4,48224,-82.9408438363519,42.4101989721288,196544
-83.0671637029999,42.433048091,3662226,2108100355,Norwood St & E 7 Mile Rd,MURDER / NON-NEGLIGENT MANSLAUGHTER (VOLUNTARY),HOMICIDE,0901,09001,MURDER / NON-NEGLIGENT MANSLAUGHTER (VOLUNTARY),2021/08/11 07:10:00+00,03:10:00,3,3,2021,1102,11,261635069004006,Pershing,3,48234,-83.067163703186,42.4330480913365,196655
-83.076692855,42.3919870300001,3666813,2108230398,Oakland St & Belmont St,MURDER / NON-NEGLIGENT MANSLAUGHTER (VOLUNTARY),HOMICIDE,0901,09001,MURDER / NON-NEGLIGENT MANSLAUGHTER (VOLUNTARY),2021/08/24 04:14:00+00,00:14:00,2,0,2021,0301,03,261635114004005,Gateway Community,5,48202,-83.0766928545228,42.3919870300709,197368
-82.9654762059999,42.435431287,3670502,2109010393,Hayes St & E 7 Mile Rd,MURDER / NON-NEGLIGENT MANSLAUGHTER (VOLUNTARY),HOMICIDE,0901,09001,MURDER / NON-NEGLIGENT MANSLAUGHTER (VOLUNTARY),2021/09/02 05:56:00+00,01:56:00,4,1,2021,0903,09,261635003002009,Regent Park,3,48205,-82.9654762061869,42.4354312874175,197902
-82.942724205,42.3992661360001,3671421,2109040009,Buckingham Ave & Cornwall St,MURDER / NON-NEGLIGENT MANSLAUGHTER (VOLUNTARY),HOMICIDE,0901,09001,MURDER / NON-NEGLIGENT MANSLAUGHTER (VOLUNTARY),2021/09/04 08:04:00+00,04:04:00,6,4,2021,0506,05,261635019004005,Morningside,4,48224,-82.9427242045611,42.3992661358853,198045
-83.1515155289999,42.402579808,3673618,2109090388,Fenkell St & Roselawn St,MURDER / NON-NEGLIGENT MANSLAUGHTER (VOLUNTARY),HOMICIDE,0901,09001,MURDER / NON-NEGLIGENT MANSLAUGHTER (VOLUNTARY),2021/09/10 07:22:00+00,03:22:00,5,3,2021,1001,10,261635363006005,Fitzgerald/Marygrove,2,48238,-83.1515155287214,42.4025798077474,198379
-83.0739693629999,42.4329278100001,3674554,2109120169,E 7 Mile Rd & Brinker St,MURDER / NON-NEGLIGENT MANSLAUGHTER (VOLUNTARY),HOMICIDE,0901,09001,MURDER / NON-NEGLIGENT MANSLAUGHTER (VOLUNTARY),2021/09/12 20:56:00+00,16:56:00,7,16,2021,1102,11,261635074001009,Nolan,3,48234,-83.0739693627338,42.4329278096452,198536
-83.049964845,42.426163086,3675924,2109150328,E Nevada St & Moenart St,MURDER / NON-NEGLIGENT MANSLAUGHTER (VOLUNTARY),HOMICIDE,0901,09001,MURDER / NON-NEGLIGENT MANSLAUGHTER (VOLUNTARY),2021/09/16 05:10:00+00,01:10:00,4,1,2021,1108,11,261635065003014,Krainz Woods,3,48234,-83.0499648446257,42.4261630862497,198741
-83.202521358,42.3459771870001,3679449,2109250045,Mansfield St & Majestic St,MURDER / NON-NEGLIGENT MANSLAUGHTER (VOLUNTARY),HOMICIDE,0901,09001,MURDER / NON-NEGLIGENT MANSLAUGHTER (VOLUNTARY),2021/09/25 11:08:00+00,07:08:00,6,7,2021,0611,06,261635455002001,Warren Ave Community,7,48228,-83.2025213577397,42.3459771865168,199228
-83.008976863,42.4363528850001,3685458,2110110006,Lappin St & Beland St,MURDER / NON-NEGLIGENT MANSLAUGHTER (VOLUNTARY),HOMICIDE,0901,09001,MURDER / NON-NEGLIGENT MANSLAUGHTER (VOLUNTARY),2021/10/11 08:23:00+00,04:23:00,1,4,2021,0901,09,261635050002005,Pulaski,3,48234,-83.0089768633515,42.43635288523,200143
-83.0825843109999,42.3666953430001,3688514,2110180356,W Grand Blvd & Lincoln St,MURDER / NON-NEGLIGENT MANSLAUGHTER (VOLUNTARY),HOMICIDE,0901,09001,MURDER / NON-NEGLIGENT MANSLAUGHTER (VOLUNTARY),2021/10/19 03:50:00+00,23:50:00,1,23,2021,1008,10,261635326003004,Henry Ford,5,48202,-83.0825843114142,42.3666953434632,200625
-82.980171097,42.4313379380001,3689094,2110200053,Gratiot Ave & Linnhurst St,MURDER / NON-NEGLIGENT MANSLAUGHTER (VOLUNTARY),HOMICIDE,0901,09001,MURDER / NON-NEGLIGENT MANSLAUGHTER (VOLUNTARY),2021/10/20 13:01:00+00,09:01:00,3,9,2021,0906,09,261635004002002,Mapleridge,4,48205,-82.980171096518,42.4313379384803,200712
-83.1527689489999,42.3790791490001,3692618,2110290027,Northlawn St & Cortland St,MURDER / NON-NEGLIGENT MANSLAUGHTER (VOLUNTARY),HOMICIDE,0901,09001,MURDER / NON-NEGLIGENT MANSLAUGHTER (VOLUNTARY),2021/10/29 09:41:00+00,05:41:00,5,5,2021,0206,02,261635342001009,Littlefield Community,7,48204,-83.152768948892,42.3790791493662,201205
-83.082898868,42.4329096490001,3693335,2110300321,Dequindre St & E 7 Mile Rd,MURDER / NON-NEGLIGENT MANSLAUGHTER (VOLUNTARY),HOMICIDE,0901,09001,MURDER / NON-NEGLIGENT MANSLAUGHTER (VOLUNTARY),2021/10/31 06:44:00+00,02:44:00,7,2,2021,1101,11,261635073001000,Northeast Central District,3,48203,-83.0828988675016,42.4329096485378,201318
-83.232333916,42.3593932690001,3696241,2111070293,Dover St & Minock St,MURDER / NON-NEGLIGENT MANSLAUGHTER (VOLUNTARY),HOMICIDE,0901,09001,MURDER / NON-NEGLIGENT MANSLAUGHTER (VOLUNTARY),2021/11/08 06:42:00+00,01:42:00,1,1,2021,0607,06,261635467004006,Franklin Park,7,48228,-83.2323339157817,42.3593932688475,201736
-82.943004205,42.450497639,3699836,2111170105,8 Mile Rd & David Ave,MURDER / NON-NEGLIGENT MANSLAUGHTER (VOLUNTARY),HOMICIDE,0901,09001,MURDER / NON-NEGLIGENT MANSLAUGHTER (VOLUNTARY),2021/11/17 19:04:00+00,14:04:00,3,14,2021,0903,09,261635001001000,Regent Park,3,48205,-82.9430042049378,42.4504976389637,202241
-83.018793699,42.4153016170001,3700863,2111200023,Gilbo St & Forestlawn St,MURDER / NON-NEGLIGENT MANSLAUGHTER (VOLUNTARY),HOMICIDE,0901,09001,MURDER / NON-NEGLIGENT MANSLAUGHTER (VOLUNTARY),2021/11/20 11:20:00+00,06:20:00,6,6,2021,1112,11,261635048002009,Airport Sub,3,48234,-83.0187936990184,42.4153016170328,202389
-82.9567890339999,42.4297278600001,3706668,2112060237,Kelly Rd & Park Grove St,MURDER / NON-NEGLIGENT MANSLAUGHTER (VOLUNTARY),HOMICIDE,0901,09001,MURDER / NON-NEGLIGENT MANSLAUGHTER (VOLUNTARY),2021/12/06 22:32:00+00,17:32:00,1,17,2021,0907,09,261635007004012,Moross-Morang,4,48224,-82.9567890335668,42.429727859832,203278
-83.022025779,42.3752830270001,3706923,2112070054,Helen St & Frederick St,MURDER / NON-NEGLIGENT MANSLAUGHTER (VOLUNTARY),HOMICIDE,0901,09001,MURDER / NON-NEGLIGENT MANSLAUGHTER (VOLUNTARY),2021/12/07 16:07:00+00,11:07:00,2,11,2021,0704,07,261635161001006,Gratiot Town/Ketterring,5,48211,-83.0220257785895,42.3752830273781,203315
-83.027993685,42.335946434,3710192,2112150338,E Jefferson Ave & Saint Aubin St,MURDER / NON-NEGLIGENT MANSLAUGHTER (VOLUNTARY),HOMICIDE,0901,09001,MURDER / NON-NEGLIGENT MANSLAUGHTER (VOLUNTARY),2021/12/16 05:58:00+00,00:58:00,4,0,2021,0709,07,261635165001033,Rivertown,5,48207,-83.0279936848441,42.3359464335879,203800
-83.145473067,42.341229238,3713757,2112220348,Radcliffe St & Central St,MURDER / NON-NEGLIGENT MANSLAUGHTER (VOLUNTARY),HOMICIDE,0901,09001,MURDER / NON-NEGLIGENT MANSLAUGHTER (VOLUNTARY),2021/12/22 10:00:00+00,05:00:00,3,5,2021,0402,04,261635262002005,Claytown,6,48210,-83.1454730670919,42.3412292375897,204216
-83.219979243,42.3542903950001,3714072,2112230297,Constance St & Penrod St,MURDER / NON-NEGLIGENT MANSLAUGHTER (VOLUNTARY),HOMICIDE,0901,09001,MURDER / NON-NEGLIGENT MANSLAUGHTER (VOLUNTARY),2021/12/24 08:15:00+00,03:15:00,5,3,2021,0610,06,261635460001006,Warrendale,7,48228,-83.2199792426375,42.354290395163,204280
-83.196339585,42.391846006,3714249,2112240174,Grand River Ave & Whitcomb St,MURDER / NON-NEGLIGENT MANSLAUGHTER (VOLUNTARY),HOMICIDE,0901,09001,MURDER / NON-NEGLIGENT MANSLAUGHTER (VOLUNTARY),2021/12/25 00:12:00+00,19:12:00,5,19,2021,0202,02,261635373001009,Cadillac Community,1,48227,-83.1963395851296,42.3918460060864,204306
-83.070082411,42.4258288080001,3714566,2112250195,E Nevada St & Charest St,MURDER / NON-NEGLIGENT MANSLAUGHTER (VOLUNTARY),HOMICIDE,0901,09001,MURDER / NON-NEGLIGENT MANSLAUGHTER (VOLUNTARY),2021/12/26 06:57:00+00,01:57:00,7,1,2021,1107,11,261635071004013,Cadillac Heights,3,48212,-83.0700824105087,42.4258288081496,204361
-83.144578037,42.398093831,3714588,2112260008,Prairie St & Eaton St,MURDER / NON-NEGLIGENT MANSLAUGHTER (VOLUNTARY),HOMICIDE,0901,09001,MURDER / NON-NEGLIGENT MANSLAUGHTER (VOLUNTARY),2021/12/26 10:01:00+00,05:01:00,7,5,2021,1001,10,261635364004010,Chalfonte,7,48238,-83.1445780370504,42.398093831487,204367
-83.050999559,42.356803337,3715043,2112270215,E Canfield St & N I 75 Service Drive,MURDER / NON-NEGLIGENT MANSLAUGHTER (VOLUNTARY),HOMICIDE,0901,09001,MURDER / NON-NEGLIGENT MANSLAUGHTER (VOLUNTARY),2021/12/28 01:34:00+00,20:34:00,1,20,2021,0706,07,261635189001018,Forest Park,5,48207,-83.0509995587092,42.3568033372364,204442
-82.9506052099999,42.4139050790001,3715441,2112280333,Somerset Ave & Courville St,MURDER / NON-NEGLIGENT MANSLAUGHTER (VOLUNTARY),HOMICIDE,0901,09001,MURDER / NON-NEGLIGENT MANSLAUGHTER (VOLUNTARY),2021/12/29 09:10:00+00,04:10:00,3,4,2021,0911,09,261635012002006,Outer Drive-Hayes,4,48224,-82.9506052098811,42.4139050785803,204514
-83.162117568,42.3835745810001,3584154,2012310273,Griggs St & W Buena Vista St,MURDER / NON-NEGLIGENT MANSLAUGHTER (VOLUNTARY),HOMICIDE,0901,09001,MURDER / NON-NEGLIGENT MANSLAUGHTER (VOLUNTARY),2021/01/01 06:20:00+00,01:20:00,5,1,2021,0205,02,261635342005014,Grand River-I96,7,48238,-83.1621175681756,42.3835745811086,290981
-82.98417989,42.40082943,3585334,2101040252,Camden Ave & Harrell St,MURDER / NON-NEGLIGENT MANSLAUGHTER (VOLUNTARY),HOMICIDE,0901,09001,MURDER / NON-NEGLIGENT MANSLAUGHTER (VOLUNTARY),2021/01/05 02:13:00+00,21:13:00,1,21,2021,0910,09,261635044002008,Ravendale,4,48213,-82.9841798897465,42.4008294298575,291160
-83.068618252,42.425842344,3586706,2101080287,Conant St & E Nevada St,MURDER / NON-NEGLIGENT MANSLAUGHTER (VOLUNTARY),HOMICIDE,0901,09001,MURDER / NON-NEGLIGENT MANSLAUGHTER (VOLUNTARY),2021/01/09 06:24:00+00,01:24:00,6,1,2021,1107,11,261635071004012,Northeast Central District,3,48234,-83.0686182519131,42.4258423436551,291369
-83.1156133809999,42.394622043,3587093,2101100047,14th St & Waverly St,MURDER / NON-NEGLIGENT MANSLAUGHTER (VOLUNTARY),HOMICIDE,0901,09001,MURDER / NON-NEGLIGENT MANSLAUGHTER (VOLUNTARY),2021/01/10 12:55:00+00,07:55:00,7,7,2021,1003,10,261635318003002,Dexter-Linwood,5,48238,-83.1156133812958,42.3946220431775,291430
-83.2408145649999,42.3574856270001,3589452,2101170013,Fielding St & Joy Rd,MURDER / NON-NEGLIGENT MANSLAUGHTER (VOLUNTARY),HOMICIDE,0901,09001,MURDER / NON-NEGLIGENT MANSLAUGHTER (VOLUNTARY),2021/01/17 10:10:00+00,05:10:00,7,5,2021,0606,06,261635466001009,Franklin Park,7,48228,-83.2408145651575,42.3574856272007,291766
-83.189928278,42.372785295,3590015,2101190036,Lauder St & Plymouth Rd,MURDER / NON-NEGLIGENT MANSLAUGHTER (VOLUNTARY),HOMICIDE,0901,09001,MURDER / NON-NEGLIGENT MANSLAUGHTER (VOLUNTARY),2021/01/19 12:25:00+00,07:25:00,2,7,2021,0204,02,261635353005011,Plymouth-Hubbell,7,48227,-83.1899282775701,42.3727852953844,291867
-82.944275686,42.4089394370001,3590778,2101210034,Linville St & 3 Mile Dr,MURDER / NON-NEGLIGENT MANSLAUGHTER (VOLUNTARY),HOMICIDE,0901,09001,MURDER / NON-NEGLIGENT MANSLAUGHTER (VOLUNTARY),2021/01/21 14:11:00+00,09:11:00,4,9,2021,0504,05,261635014004025,Morningside,4,48224,-82.9442756856954,42.4089394374886,291968
-83.081193949,42.3454301030001,3591395,2101230009,Calumet St & Grand River Ave,MURDER / NON-NEGLIGENT MANSLAUGHTER (VOLUNTARY),HOMICIDE,0901,09001,MURDER / NON-NEGLIGENT MANSLAUGHTER (VOLUNTARY),2021/01/23 10:44:00+00,05:44:00,6,5,2021,0308,03,261635220001007,Core City,6,48208,-83.081193949393,42.3454301025102,292074
-83.2102023209999,42.3603793440001,3597439,2102110275,Abington Ave & Ellis St,MURDER / NON-NEGLIGENT MANSLAUGHTER (VOLUNTARY),HOMICIDE,0901,09001,MURDER / NON-NEGLIGENT MANSLAUGHTER (VOLUNTARY),2021/02/12 07:47:00+00,02:47:00,5,2,2021,0608,06,261635453002015,Joy Community,7,48228,-83.2102023210088,42.3603793442088,292939
-83.110797984,42.4176854990001,3599691,2102190186,W McNichols Rd & Portage St,MURDER / NON-NEGLIGENT MANSLAUGHTER (VOLUNTARY),HOMICIDE,0901,09001,MURDER / NON-NEGLIGENT MANSLAUGHTER (VOLUNTARY),2021/02/20 02:30:00+00,21:30:00,5,21,2021,1209,12,261635383002009,Palmer Park,2,48203,-83.1107979835716,42.4176854993524,293256
-83.211672445,42.3458350670001,3600605,2102220276,Majestic St & Clayburn St,MURDER / NON-NEGLIGENT MANSLAUGHTER (VOLUNTARY),HOMICIDE,0901,09001,MURDER / NON-NEGLIGENT MANSLAUGHTER (VOLUNTARY),2021/02/23 04:48:00+00,23:48:00,1,23,2021,0611,06,261635455004004,Warren Ave Community,7,48228,-83.2116724445284,42.3458350666336,293393
-83.142129299,42.3520357830001,3600644,2102230023,Tireman St & Wykes St,MURDER / NON-NEGLIGENT MANSLAUGHTER (VOLUNTARY),HOMICIDE,0901,09001,MURDER / NON-NEGLIGENT MANSLAUGHTER (VOLUNTARY),2021/02/22 21:00:00+00,16:00:00,1,16,2021,0210,02,261635346003019,Midwest,6,48210,-83.1421292992997,42.3520357827572,293400
-83.152778482,42.2723913790001,3602064,2102260316,S Annabelle St & Miami St,MURDER / NON-NEGLIGENT MANSLAUGHTER (VOLUNTARY),HOMICIDE,0901,09001,MURDER / NON-NEGLIGENT MANSLAUGHTER (VOLUNTARY),2021/02/27 09:23:00+00,04:23:00,6,4,2021,0415,04,261635247005010,Boynton,6,48217,-83.1527784818041,42.2723913787047,293591
-83.120477853,42.3630822000001,3602803,2103010145,Pingree St & Quincy St,MURDER / NON-NEGLIGENT MANSLAUGHTER (VOLUNTARY),HOMICIDE,0901,09001,MURDER / NON-NEGLIGENT MANSLAUGHTER (VOLUNTARY),2021/03/01 22:35:00+00,17:35:00,1,17,2021,1007,10,261635334001013,Petoskey-Otsego,5,48204,-83.1204778531245,42.3630821998911,293693
-83.195028494,42.4016344820001,3605779,2103100029,Sussex St & Fenkell St,MURDER / NON-NEGLIGENT MANSLAUGHTER (VOLUNTARY),HOMICIDE,0901,09001,MURDER / NON-NEGLIGENT MANSLAUGHTER (VOLUNTARY),2021/03/10 14:00:00+00,09:00:00,3,9,2021,0201,02,261635375005007,Belmont,1,48227,-83.1950284940348,42.4016344818363,294136
-83.2127996419999,42.3454372740001,3607638,2103150139,Longacre St & Rutland St,MURDER / NON-NEGLIGENT MANSLAUGHTER (VOLUNTARY),HOMICIDE,0901,09001,MURDER / NON-NEGLIGENT MANSLAUGHTER (VOLUNTARY),2021/03/15 18:31:00+00,14:31:00,1,14,2021,0611,06,261635455004004,Warren Ave Community,7,48228,-83.2127996423735,42.3454372743262,294419
-83.0866058129999,42.3653986310001,3610461,2103240007,Poe St & W Grand Blvd,MURDER / NON-NEGLIGENT MANSLAUGHTER (VOLUNTARY),HOMICIDE,0901,09001,MURDER / NON-NEGLIGENT MANSLAUGHTER (VOLUNTARY),2021/03/24 08:11:00+00,04:11:00,3,4,2021,1008,10,261635224001013,Henry Ford,5,48208,-83.0866058133869,42.3653986305204,294871
-83.1805111689999,42.4310857580001,3617150,2104110034,W 7 Mile Rd & Schaefer Hwy,MURDER / NON-NEGLIGENT MANSLAUGHTER (VOLUNTARY),HOMICIDE,0901,09001,MURDER / NON-NEGLIGENT MANSLAUGHTER (VOLUNTARY),2021/04/11 11:00:00+00,07:00:00,7,7,2021,1201,12,261635393002011,Schaefer 7/8 Lodge,2,48235,-83.180511168744,42.4310857577448,295790
-83.1819216379999,42.4165758710001,3617793,2104120362,Lesure St & W McNichols Rd,MURDER / NON-NEGLIGENT MANSLAUGHTER (VOLUNTARY),HOMICIDE,0901,09001,MURDER / NON-NEGLIGENT MANSLAUGHTER (VOLUNTARY),2021/04/13 06:52:00+00,02:52:00,2,2,2021,1206,12,261635395002019,Winship,2,48235,-83.1819216376335,42.416575870744,295895
-83.0668670919999,42.445157318,3617803,2104130029,Yonka St & E Winchester Ave,MURDER / NON-NEGLIGENT MANSLAUGHTER (VOLUNTARY),HOMICIDE,0901,09001,MURDER / NON-NEGLIGENT MANSLAUGHTER (VOLUNTARY),2021/04/13 09:31:00+00,05:31:00,2,5,2021,1102,11,261635068003014,Farwell,3,48234,-83.0668670918098,42.4451573181046,295897
-82.940008402,42.406461639,3619935,2104180145,Southampton St & Audubon Rd,MURDER / NON-NEGLIGENT MANSLAUGHTER (VOLUNTARY),HOMICIDE,0901,09001,MURDER / NON-NEGLIGENT MANSLAUGHTER (VOLUNTARY),2021/04/18 20:25:00+00,16:25:00,7,16,2021,0504,05,261635014001016,Morningside,4,48224,-82.9400084024592,42.4064616393552,296206
-83.038711614,42.427974652,3620188,2104190252,Stockton St & Mount Elliott St,MURDER / NON-NEGLIGENT MANSLAUGHTER (VOLUNTARY),HOMICIDE,0901,09001,MURDER / NON-NEGLIGENT MANSLAUGHTER (VOLUNTARY),2021/04/20 00:25:00+00,20:25:00,1,20,2021,1109,11,261635063002009,Grant,3,48234,-83.0387116144312,42.4279746515927,296241
-83.007061444,42.4325753690001,3621763,2104240015,Eastwood St & Runyon St,MURDER / NON-NEGLIGENT MANSLAUGHTER (VOLUNTARY),HOMICIDE,0901,09001,MURDER / NON-NEGLIGENT MANSLAUGHTER (VOLUNTARY),2021/04/24 09:00:00+00,05:00:00,6,5,2021,0904,09,261635049001002,Von Steuben,3,48234,-83.007061444309,42.4325753687003,296449
-83.213327813,42.3745075410001,3625192,2105020317,Wadsworth St & Rutland St,MURDER / NON-NEGLIGENT MANSLAUGHTER (VOLUNTARY),HOMICIDE,0901,09001,MURDER / NON-NEGLIGENT MANSLAUGHTER (VOLUNTARY),2021/05/03 06:51:00+00,02:51:00,1,2,2021,0605,06,261635451003017,Plymouth-I96,7,48227,-83.2133278126928,42.3745075411892,296923
-83.119690658,42.394922867,3628477,2105110374,La Salle Blvd & Clements St,MURDER / NON-NEGLIGENT MANSLAUGHTER (VOLUNTARY),HOMICIDE,0901,09001,MURDER / NON-NEGLIGENT MANSLAUGHTER (VOLUNTARY),2021/05/12 04:25:00+00,00:25:00,3,0,2021,1003,10,261635317001002,Oakman Blvd Community,2,48238,-83.1196906577556,42.394922867363,297390
-83.173707033,42.4021728170001,3629794,2105140390,Ward St & Fenkell St,MURDER / NON-NEGLIGENT MANSLAUGHTER (VOLUNTARY),HOMICIDE,0901,09001,MURDER / NON-NEGLIGENT MANSLAUGHTER (VOLUNTARY),2021/05/15 05:48:00+00,01:48:00,6,1,2021,1210,12,261635370003013,Bethune Community,2,48227,-83.1737070333659,42.4021728165291,297595
-83.1457878159999,42.343928029,3636092,2105310049,Holmes St & Central St,MURDER / NON-NEGLIGENT MANSLAUGHTER (VOLUNTARY),HOMICIDE,0901,09001,MURDER / NON-NEGLIGENT MANSLAUGHTER (VOLUNTARY),2021/05/31 10:30:00+00,06:30:00,1,6,2021,0401,04,261635262002001,Claytown,6,48210,-83.1457878157403,42.3439280287802,298572
-83.027817369,42.336023642,3636339,2106010031,E Jefferson Ave & Saint Aubin St,MURDER / NON-NEGLIGENT MANSLAUGHTER (VOLUNTARY),HOMICIDE,0901,09001,MURDER / NON-NEGLIGENT MANSLAUGHTER (VOLUNTARY),2021/06/01 09:28:00+00,05:28:00,2,5,2021,0709,07,261635165001033,Rivertown,5,48207,-83.0278173686858,42.3360236421099,298637
-83.031852145,42.441186133,3641779,2106130075,E Outer Dr & Helen St,MURDER / NON-NEGLIGENT MANSLAUGHTER (VOLUNTARY),HOMICIDE,0901,09001,MURDER / NON-NEGLIGENT MANSLAUGHTER (VOLUNTARY),2021/06/13 12:33:00+00,08:33:00,7,8,2021,1104,11,261635061002012,Sherwood,3,48234,-83.0318521445622,42.4411861328824,299321
-83.2447769349999,42.415002659,3642047,2106140011,W McNichols Rd & Patton St,MURDER / NON-NEGLIGENT MANSLAUGHTER (VOLUNTARY),HOMICIDE,0901,09001,MURDER / NON-NEGLIGENT MANSLAUGHTER (VOLUNTARY),2021/06/14 08:05:00+00,04:05:00,1,4,2021,0806,08,261635411004005,Holcomb Community,1,48219,-83.2447769346174,42.4150026592984,299371
-83.0437052949999,42.4407315350001,3643111,2106160304,E Outer Dr & Mound Rd,MURDER / NON-NEGLIGENT MANSLAUGHTER (VOLUNTARY),HOMICIDE,0901,09001,MURDER / NON-NEGLIGENT MANSLAUGHTER (VOLUNTARY),2021/06/17 05:00:00+00,01:00:00,4,1,2021,1104,11,261635067001038,Farwell,3,48234,-83.0437052948937,42.4407315345692,299541
-83.0998784349999,42.3602120830001,3648700,2107030075,Grand Service Drive & Linwood St,MURDER / NON-NEGLIGENT MANSLAUGHTER (VOLUNTARY),HOMICIDE,0901,09001,MURDER / NON-NEGLIGENT MANSLAUGHTER (VOLUNTARY),2021/07/03 13:09:00+00,09:09:00,6,9,2021,0304,03,261635223002023,NW Goldberg,5,48208,-83.0998784352698,42.3602120827401,300483
-82.958650771,42.450021421,3649635,2107060031,Rex St & 8 Mile Rd,MURDER / NON-NEGLIGENT MANSLAUGHTER (VOLUNTARY),HOMICIDE,0901,09001,MURDER / NON-NEGLIGENT MANSLAUGHTER (VOLUNTARY)             ,2021/07/06 10:00:00+00,06:00:00,2,6,2021,0902,09,261635002001000,Regent Park,3,48205,-82.9586507711732,42.4500214213172,300664
-83.130453439,42.3891257500001,3651393,2107100318,Waverly & Dexter Ave,MURDER / NON-NEGLIGENT MANSLAUGHTER (VOLUNTARY),HOMICIDE,0901,09001,MURDER / NON-NEGLIGENT MANSLAUGHTER (VOLUNTARY),2021/07/11 06:32:00+00,02:32:00,7,2,2021,1002,10,261635305003000,Russell Woods,7,48238,-83.1304534394601,42.3891257500105,300964
-83.216966355,42.424642804,3651575,2107110195,Pickford St & Archdale St,MURDER / NON-NEGLIGENT MANSLAUGHTER (VOLUNTARY),HOMICIDE,0901,09001,MURDER / NON-NEGLIGENT MANSLAUGHTER (VOLUNTARY),2021/07/10 01:00:00+00,21:00:00,5,21,2021,0808,08,261635403004009,College Park,2,48235,-83.216966355264,42.424642803942,300999
-82.9693160529999,42.4122337630001,3651943,2107130020,Chelsea Ave & Chalmers St,MURDER / NON-NEGLIGENT MANSLAUGHTER (VOLUNTARY),HOMICIDE,0901,09001,MURDER / NON-NEGLIGENT MANSLAUGHTER (VOLUNTARY),2021/07/13 10:03:00+00,06:03:00,2,6,2021,0911,09,261635042002000,Outer Drive-Hayes,4,48213,-82.969316053011,42.4122337630561,301072
-83.1606368349999,42.4002253680001,3653222,2107160033,Washburn St & Chalfonte St,MURDER / NON-NEGLIGENT MANSLAUGHTER (VOLUNTARY),HOMICIDE,0901,09001,MURDER / NON-NEGLIGENT MANSLAUGHTER (VOLUNTARY),2021/07/16 11:00:00+00,07:00:00,5,7,2021,0203,02,261635367001001,Bethune Community,2,48238,-83.1606368353527,42.4002253675162,301273
-83.1444520909999,42.371181603,3656477,2107260051,Bryden St & American St,MURDER / NON-NEGLIGENT MANSLAUGHTER (VOLUNTARY),HOMICIDE,0901,09001,MURDER / NON-NEGLIGENT MANSLAUGHTER (VOLUNTARY),2021/07/26 11:20:00+00,07:20:00,1,7,2021,1004,10,261635341003015,Oakman Blvd Community,7,48204,-83.1444520906478,42.3711816033061,301822
-83.257387028,42.4128615970001,3661420,2108080209,Grove St & Lahser Rd,MURDER / NON-NEGLIGENT MANSLAUGHTER (VOLUNTARY),HOMICIDE,0901,09001,MURDER / NON-NEGLIGENT MANSLAUGHTER (VOLUNTARY),2021/08/09 00:13:00+00,20:13:00,7,20,2021,0809,08,261635442001006,Riverdale,1,48219,-83.2573870282605,42.4128615971183,302699
-83.112955257,42.3565690190001,3662369,2108110176,Larchmont St & Turner St,MURDER / NON-NEGLIGENT MANSLAUGHTER (VOLUNTARY),HOMICIDE,0901,09001,MURDER / NON-NEGLIGENT MANSLAUGHTER (VOLUNTARY),2021/08/11 21:02:00+00,17:02:00,3,17,2021,1006,10,261635336003010,Midwest,6,48204,-83.1129552565237,42.3565690188488,302852
-83.098670996,42.385906402,3662887,2108120273,Byron St & Collingwood St,MURDER / NON-NEGLIGENT MANSLAUGHTER (VOLUNTARY),HOMICIDE,0901,09001,MURDER / NON-NEGLIGENT MANSLAUGHTER (VOLUNTARY),2021/08/13 01:58:00+00,21:58:00,4,21,2021,1005,10,261635322001010,Gateway Community,5,48206,-83.0986709964908,42.3859064017872,302938
-83.2239063279999,42.3649396920001,3668160,2108270009,W Chicago St & Brace St,MURDER / NON-NEGLIGENT MANSLAUGHTER (VOLUNTARY),HOMICIDE,0901,09001,MURDER / NON-NEGLIGENT MANSLAUGHTER (VOLUNTARY),2021/08/27 08:07:00+00,04:07:00,5,4,2021,0607,06,261635468002002,Franklin Park,7,48228,-83.2239063275387,42.3649396915989,303836
-83.0766449229999,42.40832098,3668755,2108280230,Dearing St & Dequindre St,MURDER / NON-NEGLIGENT MANSLAUGHTER (VOLUNTARY),HOMICIDE,0901,09001,MURDER / NON-NEGLIGENT MANSLAUGHTER (VOLUNTARY),2021/08/28 22:10:00+00,18:10:00,6,18,2021,1110,11,261635105001018,Campau/Banglatown,3,48212,-83.0766449230463,42.4083209798817,303927
-82.945606589,42.3876559120001,3669166,2108290324,Maryland Ave & Mack Ave,MURDER / NON-NEGLIGENT MANSLAUGHTER (VOLUNTARY),HOMICIDE,0901,09001,MURDER / NON-NEGLIGENT MANSLAUGHTER (VOLUNTARY),2021/08/30 05:49:00+00,01:49:00,1,1,2021,0506,05,261635020001020,Morningside,4,48224,-82.9456065889281,42.3876559116911,304003
-82.937282411,42.3682296430001,3670195,2109010065,Essex Ave & Manistique St,MURDER / NON-NEGLIGENT MANSLAUGHTER (VOLUNTARY),HOMICIDE,0901,09001,MURDER / NON-NEGLIGENT MANSLAUGHTER (VOLUNTARY),2021/09/01 14:49:00+00,10:49:00,3,10,2021,0512,05,261635132001003,Jefferson Chalmers,4,48215,-82.937282411255,42.3682296425164,304176
-83.0804498219999,42.432923096,3671348,2109030349,Lumpkin St & E 7 Mile Rd,MURDER / NON-NEGLIGENT MANSLAUGHTER (VOLUNTARY),HOMICIDE,0901,09001,MURDER / NON-NEGLIGENT MANSLAUGHTER (VOLUNTARY),2021/09/04 02:48:00+00,22:48:00,5,22,2021,1102,11,261635074001003,Nolan,3,48234,-83.0804498219672,42.4329230958396,304370
-83.216076561,42.3578642960001,3673238,2109080380,N M 39 Service Drive & Joy Rd,MURDER / NON-NEGLIGENT MANSLAUGHTER (VOLUNTARY),HOMICIDE,0901,09001,MURDER / NON-NEGLIGENT MANSLAUGHTER (VOLUNTARY),2021/09/09 04:30:00+00,00:30:00,4,0,2021,0608,06,261635453002022,Joy Community,7,48228,-83.2160765609019,42.3578642963826,304668
-83.219080419,42.3650237270001,3674628,2109120198,W Chicago St & Rosemont Ave,MURDER / NON-NEGLIGENT MANSLAUGHTER (VOLUNTARY),HOMICIDE,0901,09001,MURDER / NON-NEGLIGENT MANSLAUGHTER (VOLUNTARY),2021/09/12 23:03:00+00,19:03:00,7,19,2021,0607,06,261635468002004,Franklin Park,7,48228,-83.2190804190566,42.3650237271522,304889
-82.952351826,42.4353192570001,3677852,2109200413,McCormick St & Kelly Rd,MURDER / NON-NEGLIGENT MANSLAUGHTER (VOLUNTARY),HOMICIDE,0901,09001,MURDER / NON-NEGLIGENT MANSLAUGHTER (VOLUNTARY),2021/09/21 05:47:00+00,01:47:00,2,1,2021,0907,09,261635007004001,Moross-Morang,4,48224,-82.9523518264029,42.4353192569986,305397
-83.115822302,42.367484518,3679475,2109250081,Gladstone St & Dexter Ave,MURDER / NON-NEGLIGENT MANSLAUGHTER (VOLUNTARY),HOMICIDE,0901,09001,MURDER / NON-NEGLIGENT MANSLAUGHTER (VOLUNTARY),2021/09/25 15:40:00+00,11:40:00,6,11,2021,1007,10,261635334003004,Petoskey-Otsego,5,48206,-83.1158223022335,42.36748451761,305608
-83.206254439,42.4013426700001,3679736,2109250307,Saint Marys St & Fenkell St,MURDER / NON-NEGLIGENT MANSLAUGHTER (VOLUNTARY),HOMICIDE,0901,09001,MURDER / NON-NEGLIGENT MANSLAUGHTER (VOLUNTARY),2021/09/26 07:00:00+00,03:00:00,7,3,2021,0812,08,261635422003011,Crary/St Marys,1,48227,-83.2062544388957,42.4013426699502,305658
-83.072102951,42.3684207490001,3680897,2109290033,W Baltimore St & Woodward Ave,MURDER / NON-NEGLIGENT MANSLAUGHTER (VOLUNTARY),HOMICIDE,0901,09001,MURDER / NON-NEGLIGENT MANSLAUGHTER (VOLUNTARY),2021/09/29 09:12:00+00,05:12:00,3,5,2021,0306,03,261635119001029,Milwaukee Junction,5,48202,-83.0721029513339,42.3684207488264,305848
-83.131615422,42.365772657,3682012,2110020013,Whitfield St & Grand River Ave,MURDER / NON-NEGLIGENT MANSLAUGHTER (VOLUNTARY),HOMICIDE,0901,09001,MURDER / NON-NEGLIGENT MANSLAUGHTER (VOLUNTARY),2021/10/02 08:26:00+00,04:26:00,6,4,2021,1004,10,261635308001004,Nardin Park,7,48204,-83.1316154219397,42.3657726565742,306008
-83.1223522129999,42.377105213,3682440,2110030093,Dexter Ave & Collingwood St,MURDER / NON-NEGLIGENT MANSLAUGHTER (VOLUNTARY),HOMICIDE,0901,09001,MURDER / NON-NEGLIGENT MANSLAUGHTER (VOLUNTARY),2021/10/03 15:35:00+00,11:35:00,7,11,2021,1004,10,261635309003015,Nardin Park,7,48206,-83.1223522125407,42.3771052130364,306079
-82.9771355399999,42.403434829,3684104,2110070192,Camden Ave & Park Dr,MURDER / NON-NEGLIGENT MANSLAUGHTER (VOLUNTARY),HOMICIDE,0901,09001,MURDER / NON-NEGLIGENT MANSLAUGHTER (VOLUNTARY),2021/10/07 20:30:00+00,16:30:00,4,16,2021,0910,09,261635043001005,Ravendale,4,48213,-82.9771355403884,42.4034348289503,306361
-83.057102523,42.420916193,3688268,2110180058,Nancy St & Eureka St,MURDER / NON-NEGLIGENT MANSLAUGHTER (VOLUNTARY),HOMICIDE,0901,09001,MURDER / NON-NEGLIGENT MANSLAUGHTER (VOLUNTARY),2021/10/18 15:38:00+00,11:38:00,1,11,2021,1108,11,261635064002011,Davison,3,48212,-83.0571025230457,42.4209161930614,306985
-82.989594666,42.3798826060001,3691798,2110270058,Saint Clair St & E Canfield St,MURDER / NON-NEGLIGENT MANSLAUGHTER (VOLUNTARY),HOMICIDE,0901,09001,MURDER / NON-NEGLIGENT MANSLAUGHTER (VOLUNTARY),2021/10/27 11:29:00+00,07:29:00,3,7,2021,0501,05,261635141002002,East Canfield,4,48214,-82.9895946661069,42.3798826061151,307462
-83.252521928,42.382499711,3694467,2111030004,Chapel St & Halley St,MURDER / NON-NEGLIGENT MANSLAUGHTER (VOLUNTARY),HOMICIDE,0901,09001,MURDER / NON-NEGLIGENT MANSLAUGHTER (VOLUNTARY),2021/11/03 08:32:00+00,04:32:00,3,4,2021,0603,06,261635439001009,Brightmoor,1,48223,-83.2525219284116,42.3824997108004,307886
-83.1916026659999,42.3582569430001,3699795,2111170074,Joy Rd & Robson St,MURDER / NON-NEGLIGENT MANSLAUGHTER (VOLUNTARY),HOMICIDE,0901,09001,MURDER / NON-NEGLIGENT MANSLAUGHTER (VOLUNTARY),2021/11/17 23:05:00+00,18:05:00,3,18,2021,0207,02,261635354002004,We Care Community,7,48228,-83.1916026659134,42.3582569426239,308673
-83.044669531,42.4099747500001,3700784,2111190307,Alpena Ave & Emerald Springs Cir,MURDER / NON-NEGLIGENT MANSLAUGHTER (VOLUNTARY),HOMICIDE,0901,09001,MURDER / NON-NEGLIGENT MANSLAUGHTER (VOLUNTARY),2021/11/20 05:55:00+00,00:55:00,6,0,2021,1111,11,261635106001006,Buffalo Charles,3,48212,-83.044669531424,42.4099747499809,308797
-83.1875651,42.4290151860001,3704762,2112010272,Clarita St & Mark Twain St,MURDER / NON-NEGLIGENT MANSLAUGHTER (VOLUNTARY),HOMICIDE,0901,09001,MURDER / NON-NEGLIGENT MANSLAUGHTER (VOLUNTARY),2021/12/02 03:00:00+00,22:00:00,3,22,2021,1206,12,261635396002004,Winship,2,48235,-83.1875650995826,42.4290151859655,309392
-83.088733748,42.3685545500001,3706097,2112050057,Pallister St & Poe St,MURDER / NON-NEGLIGENT MANSLAUGHTER (VOLUNTARY),HOMICIDE,0901,09001,MURDER / NON-NEGLIGENT MANSLAUGHTER (VOLUNTARY),2021/12/05 13:50:00+00,08:50:00,7,8,2021,1008,10,261635326002003,Henry Ford,5,48206,-83.0887337482985,42.3685545498555,309614
-83.123003922,42.4150690810001,3708053,2112100027,Grove St & Inverness St,MURDER / NON-NEGLIGENT MANSLAUGHTER (VOLUNTARY),HOMICIDE,0901,09001,MURDER / NON-NEGLIGENT MANSLAUGHTER (VOLUNTARY),2021/12/10 12:30:00+00,07:30:00,5,7,2021,1212,12,261635301003009,Martin Park,2,48221,-83.1230039220162,42.4150690805633,309925
-83.277302263,42.412049376,3710528,2112160176,Grove St & Telegraph Rd,MURDER / NON-NEGLIGENT MANSLAUGHTER (VOLUNTARY),HOMICIDE,0901,09001,MURDER / NON-NEGLIGENT MANSLAUGHTER (VOLUNTARY),2021/12/16 21:40:00+00,16:40:00,4,16,2021,0809,08,261635443002007,Riverdale,1,48219,-83.2773022627284,42.4120493763046,310341
-83.204009388,42.4285252920001,3714512,2112250138,Clarita St & Prevost St,MURDER / NON-NEGLIGENT MANSLAUGHTER (VOLUNTARY),HOMICIDE,0901,09001,MURDER / NON-NEGLIGENT MANSLAUGHTER (VOLUNTARY),2021/12/25 15:30:00+00,10:30:00,6,10,2021,0808,08,261635403002000,College Park,2,48235,-83.2040093882258,42.4285252918151,310800
-83.2127996419999,42.3454372740001,3715080,2112270279,Longacre St & Rutland St,MURDER / NON-NEGLIGENT MANSLAUGHTER (VOLUNTARY),HOMICIDE,0901,09001,MURDER / NON-NEGLIGENT MANSLAUGHTER (VOLUNTARY),2021/12/28 06:21:00+00,01:21:00,2,1,2021,0611,06,261635455004004,Warren Ave Community,7,48228,-83.2127996423735,42.3454372743262,310884
-83.245275624,42.438345612,3587668,2101120013,Fargo St & Patton St,MURDER / NON-NEGLIGENT MANSLAUGHTER (VOLUNTARY),HOMICIDE,0901,09001,MURDER / NON-NEGLIGENT MANSLAUGHTER (VOLUNTARY),2021/01/12 11:24:00+00,06:24:00,2,6,2021,0802,08,261635409004005,Evergreen Lahser 7/8,1,48219,-83.2452756243577,42.4383456121512,395896
-83.1568529049999,42.4121867310001,3588401,2101140025,Florence St & Wisconsin St,MURDER / NON-NEGLIGENT MANSLAUGHTER (VOLUNTARY),HOMICIDE,0901,09001,MURDER / NON-NEGLIGENT MANSLAUGHTER (VOLUNTARY),2021/01/14 12:32:00+00,07:32:00,4,7,2021,1211,12,261635361003004,Fitzgerald/Marygrove,2,48221,-83.1568529053244,42.4121867313402,396004
-83.1502239169999,42.268654392,3590229,2101190150,S Bassett St & Downing St,MURDER / NON-NEGLIGENT MANSLAUGHTER (VOLUNTARY),HOMICIDE,0901,09001,MURDER / NON-NEGLIGENT MANSLAUGHTER (VOLUNTARY),2021/01/19 23:00:00+00,18:00:00,2,18,2021,0415,04,261635247002007,Boynton,6,48217,-83.150223917299,42.2686543916291,396267
-83.1443359789999,42.3340660120001,3590842,2101210081,Elmer St & McGraw St,MURDER / NON-NEGLIGENT MANSLAUGHTER (VOLUNTARY),HOMICIDE,0901,09001,MURDER / NON-NEGLIGENT MANSLAUGHTER (VOLUNTARY),2021/01/21 19:22:00+00,14:22:00,4,14,2021,0401,04,261635262003004,Claytown,6,48210,-83.1443359785686,42.3340660122301,396375
-83.153215357,42.3618755350001,3591709,2101230294,Ohio St & Esper St,MURDER / NON-NEGLIGENT MANSLAUGHTER (VOLUNTARY),HOMICIDE,0901,09001,MURDER / NON-NEGLIGENT MANSLAUGHTER (VOLUNTARY),2021/01/24 07:51:00+00,02:51:00,7,2,2021,0209,02,261635347004025,Barton-McFarland,7,48204,-83.1532153567873,42.3618755350216,396491
-83.143665122,42.431571187,3595750,2102050253,Santa Rosa Dr & W 7 Mile Rd,MURDER / NON-NEGLIGENT MANSLAUGHTER (VOLUNTARY),HOMICIDE,0901,09001,MURDER / NON-NEGLIGENT MANSLAUGHTER (VOLUNTARY),2021/02/06 05:52:00+00,00:52:00,6,0,2021,1203,12,261635386001002,Bagley,2,48221,-83.1436651215142,42.4315711873104,397044
-82.949682916,42.428286518,3596099,2102070026,Casino St & Lansdowne St,MURDER / NON-NEGLIGENT MANSLAUGHTER (VOLUNTARY),HOMICIDE,0901,09001,MURDER / NON-NEGLIGENT MANSLAUGHTER (VOLUNTARY),2021/02/07 11:32:00+00,06:32:00,7,6,2021,0907,09,261635007003008,Moross-Morang,4,48224,-82.9496829164314,42.428286518133,397084
-83.010542738,42.4306789230001,3596277,2102070222,Algonac St & Linnhurst St,MURDER / NON-NEGLIGENT MANSLAUGHTER (VOLUNTARY),HOMICIDE,0901,09001,MURDER / NON-NEGLIGENT MANSLAUGHTER (VOLUNTARY),2021/02/08 08:10:00+00,03:10:00,1,3,2021,0904,09,261635049002005,Mount Olivet,3,48234,-83.0105427376424,42.4306789229134,397117
-82.994160844,42.4474250220001,3596572,2102090011,Collingham Dr & Goulburn St,MURDER / NON-NEGLIGENT MANSLAUGHTER (VOLUNTARY),HOMICIDE,0901,09001,MURDER / NON-NEGLIGENT MANSLAUGHTER (VOLUNTARY),2021/02/09 10:45:00+00,05:45:00,2,5,2021,0901,09,261635032003002,Conner Creek,3,48205,-82.9941608438508,42.4474250216492,397161
-82.959427148,42.406196526,3599603,2102190088,Wayburn St & Harper Ave,MURDER / NON-NEGLIGENT MANSLAUGHTER (VOLUNTARY),HOMICIDE,0901,09001,MURDER / NON-NEGLIGENT MANSLAUGHTER (VOLUNTARY),2021/02/19 21:22:00+00,16:22:00,5,16,2021,0911,09,261635011003015,Outer Drive-Hayes,4,48224,-82.9594271476172,42.4061965257139,397555
-82.963070447,42.3843513520001,3600586,2102220286,Mack Ave & Gray St,MURDER / NON-NEGLIGENT MANSLAUGHTER (VOLUNTARY),HOMICIDE,0901,09001,MURDER / NON-NEGLIGENT MANSLAUGHTER (VOLUNTARY),2021/02/23 06:20:00+00,01:20:00,2,1,2021,0509,05,261635126004000,Riverbend,4,48215,-82.9630704467755,42.3843513522605,397700
-82.977169367,42.427847382,3604208,2103050062,Spring Garden St & Peoria St,MURDER / NON-NEGLIGENT MANSLAUGHTER (VOLUNTARY),HOMICIDE,0901,09001,MURDER / NON-NEGLIGENT MANSLAUGHTER (VOLUNTARY),2021/03/05 10:00:00+00,05:00:00,5,5,2021,0906,09,261635004003001,Mapleridge,4,48205,-82.9771693671981,42.4278473819227,398180
-83.162909551,42.3611118650001,3604657,2103060277,Birwood St & Ellis St,MURDER / NON-NEGLIGENT MANSLAUGHTER (VOLUNTARY),HOMICIDE,0901,09001,MURDER / NON-NEGLIGENT MANSLAUGHTER (VOLUNTARY),2021/03/07 06:30:00+00,01:30:00,7,1,2021,0208,02,261635357001002,Barton-McFarland,7,48204,-83.1629095511852,42.3611118654739,398232
-83.243491335,42.364601248,3605598,2103090141,W Chicago St & Braile St,MURDER / NON-NEGLIGENT MANSLAUGHTER (VOLUNTARY),HOMICIDE,0901,09001,MURDER / NON-NEGLIGENT MANSLAUGHTER (VOLUNTARY),2021/03/09 19:44:00+00,14:44:00,2,14,2021,0606,06,261635465002011,Franklin Park,7,48228,-83.2434913349749,42.3646012481261,398365
-82.995159808,42.4419488930001,3605834,2103100017,Waltham St & E State Fair St,MURDER / NON-NEGLIGENT MANSLAUGHTER (VOLUNTARY),HOMICIDE,0901,09001,MURDER / NON-NEGLIGENT MANSLAUGHTER (VOLUNTARY),2021/03/10 11:40:00+00,06:40:00,3,6,2021,0901,09,261635032001016,Conner Creek,3,48205,-82.9951598083591,42.4419488929151,398391
-83.066505316,42.3394833520001,3609438,2103210024,S M 10 Service Drive & Grand River Ave,MURDER / NON-NEGLIGENT MANSLAUGHTER (VOLUNTARY),HOMICIDE,0901,09001,MURDER / NON-NEGLIGENT MANSLAUGHTER (VOLUNTARY),2021/03/21 09:45:00+00,05:45:00,7,5,2021,0310,03,261635215001047,Midtown,6,48201,-83.0665053158782,42.3394833516969,398937
-82.972423904,42.4499159260001,3612111,2103280013,8 Mile Rd & Dexter Blvd,MURDER / NON-NEGLIGENT MANSLAUGHTER (VOLUNTARY),HOMICIDE,0901,09001,MURDER / NON-NEGLIGENT MANSLAUGHTER (VOLUNTARY),2021/03/28 07:48:00+00,03:48:00,7,3,2021,0900,09,261635031001001,Mohican Regent,3,48205,-82.9724239038363,42.449915926194,399317
-83.141868962,42.3370497700001,3614547,2104030165,Central St & Wagner St,MURDER / NON-NEGLIGENT MANSLAUGHTER (VOLUNTARY),HOMICIDE,0901,09001,MURDER / NON-NEGLIGENT MANSLAUGHTER (VOLUNTARY),2021/04/03 22:27:00+00,18:27:00,6,18,2021,0401,04,261635262002009,Claytown,6,48210,-83.1418689617644,42.3370497695562,399630
-82.987255542,42.386035921,3615156,2104050123,Fairview St & E Warren Ave,MURDER / NON-NEGLIGENT MANSLAUGHTER (VOLUNTARY),HOMICIDE,0901,09001,MURDER / NON-NEGLIGENT MANSLAUGHTER (VOLUNTARY),2021/04/05 19:40:00+00,15:40:00,1,15,2021,0501,05,261635143001026,West End,4,48213,-82.9872555420347,42.386035921403,399727
-83.111066803,42.3889746570001,3615221,2104050277,14th St & Cortland St,MURDER / NON-NEGLIGENT MANSLAUGHTER (VOLUNTARY),HOMICIDE,0901,09001,MURDER / NON-NEGLIGENT MANSLAUGHTER (VOLUNTARY),2021/04/05 08:17:00+00,04:17:00,1,4,2021,1005,10,261635318001003,Dexter-Linwood,5,48206,-83.1110668030953,42.3889746573424,399738
-82.925816735,42.4177318010001,3615631,2104060295,Lodewyck St & Berden St,MURDER / NON-NEGLIGENT MANSLAUGHTER (VOLUNTARY),HOMICIDE,0901,09001,MURDER / NON-NEGLIGENT MANSLAUGHTER (VOLUNTARY),2021/04/07 01:43:00+00,21:43:00,2,21,2021,0505,05,261635015001005,Cornerstone Village,4,48224,-82.9258167353764,42.4177318011115,399800
-83.173602049,42.39998189,3615640,2104070019,Ward St & Chalfonte St,MURDER / NON-NEGLIGENT MANSLAUGHTER (VOLUNTARY),HOMICIDE,0901,09001,MURDER / NON-NEGLIGENT MANSLAUGHTER (VOLUNTARY),2021/04/07 09:10:00+00,05:10:00,3,5,2021,0203,02,261635371003004,Bethune Community,2,48227,-83.1736020489226,42.3999818903279,399805
-83.0259703529999,42.3888746060001,3619570,2104180031,Saint Thomas St & Saint Cyril Ave,MURDER / NON-NEGLIGENT MANSLAUGHTER (VOLUNTARY),HOMICIDE,0901,09001,MURDER / NON-NEGLIGENT MANSLAUGHTER (VOLUNTARY),2021/04/18 09:16:00+00,05:16:00,7,5,2021,0702,07,261635110001006,Airport Sub,3,48213,-83.0259703527356,42.3888746061838,400375
-83.131204795,42.3614530630001,3620617,2104200357,Hillsboro St & Dailey Ct,MURDER / NON-NEGLIGENT MANSLAUGHTER (VOLUNTARY),HOMICIDE,0901,09001,MURDER / NON-NEGLIGENT MANSLAUGHTER (VOLUNTARY),2021/04/21 05:23:00+00,01:23:00,3,1,2021,1006,10,261635335001018,Midwest,6,48204,-83.1312047949694,42.3614530634591,400513
-83.081503186,42.376876881,3621372,2104220361,2nd Ave & W Philadelphia St,MURDER / NON-NEGLIGENT MANSLAUGHTER (VOLUNTARY),HOMICIDE,0901,09001,MURDER / NON-NEGLIGENT MANSLAUGHTER (VOLUNTARY),2021/04/23 06:15:00+00,02:15:00,5,2,2021,0303,03,261635324003001,Piety Hill,5,48202,-83.0815031863534,42.3768768813551,400584
-83.179584281,42.411807986,3622120,2104240337,Schaefer Hwy & Florence St,MURDER / NON-NEGLIGENT MANSLAUGHTER (VOLUNTARY),HOMICIDE,0901,09001,MURDER / NON-NEGLIGENT MANSLAUGHTER (VOLUNTARY),2021/04/25 07:29:00+00,03:29:00,7,3,2021,0201,02,261635369002007,Harmony Village,2,48235,-83.1795842808124,42.4118079859423,400698
-82.9804675399999,42.441521272,3625323,2105030151,Tacoma St & Hoyt St,MURDER / NON-NEGLIGENT MANSLAUGHTER (VOLUNTARY),HOMICIDE,0901,09001,MURDER / NON-NEGLIGENT MANSLAUGHTER (VOLUNTARY),2021/05/03 19:10:00+00,15:10:00,1,15,2021,0902,09,261635034001003,Franklin,3,48205,-82.9804675396843,42.4415212715358,401087
-82.971642688,42.4053133140001,3627096,2105080008,Camden Ave & Coplin St,MURDER / NON-NEGLIGENT MANSLAUGHTER (VOLUNTARY),HOMICIDE,0901,09001,MURDER / NON-NEGLIGENT MANSLAUGHTER (VOLUNTARY),2021/05/08 08:29:00+00,04:29:00,6,4,2021,0910,09,261635042003003,Outer Drive-Hayes,4,48213,-82.9716426878667,42.4053133136936,401332
-83.0889652979999,42.4399343900001,3628045,2105100414,E State Fair St & Hull St,MURDER / NON-NEGLIGENT MANSLAUGHTER (VOLUNTARY),HOMICIDE,0901,09001,MURDER / NON-NEGLIGENT MANSLAUGHTER (VOLUNTARY),2021/05/11 05:47:00+00,01:47:00,2,1,2021,1101,11,261635074002005,Nolan,3,48203,-83.088965297943,42.4399343896643,401485
-83.230849797,42.4266432470001,3629753,2105140342,Margareta St & Shaftsbury Ave,MURDER / NON-NEGLIGENT MANSLAUGHTER (VOLUNTARY),HOMICIDE,0901,09001,MURDER / NON-NEGLIGENT MANSLAUGHTER (VOLUNTARY),2021/05/15 03:24:00+00,23:24:00,5,23,2021,0807,08,261635406001001,Evergreen-Outer Drive,1,48219,-83.23084979734,42.4266432471819,401703
-83.07945877,42.440268126,3631496,2105190233,E Outer Dr & Fleming St,MURDER / NON-NEGLIGENT MANSLAUGHTER (VOLUNTARY),HOMICIDE,0901,09001,MURDER / NON-NEGLIGENT MANSLAUGHTER (VOLUNTARY),2021/05/19 20:49:00+00,16:49:00,3,16,2021,1102,11,261635075001020,Nolan,3,48234,-83.0794587699024,42.4402681255259,401929
-82.958852284,42.3954562340001,3631717,2105190427,Chalmers St & E Warren Ave,MURDER / NON-NEGLIGENT MANSLAUGHTER (VOLUNTARY),HOMICIDE,0901,09001,MURDER / NON-NEGLIGENT MANSLAUGHTER (VOLUNTARY),2021/05/20 06:57:00+00,02:57:00,4,2,2021,0503,05,261635121005014,Chandler Park-Chalmers,4,48213,-82.958852283943,42.3954562341887,401956
-83.041447702,42.3362998270001,3632224,2105210013,Macomb St & Saint Antoine St,MURDER / NON-NEGLIGENT MANSLAUGHTER (VOLUNTARY),HOMICIDE,0901,09001,MURDER / NON-NEGLIGENT MANSLAUGHTER (VOLUNTARY),2021/05/21 08:03:00+00,04:03:00,5,4,2021,0312,03,261635172002039,Downtown,5,48226,-83.0414477017531,42.3362998267128,402043
-83.18591429,42.3560130650001,3634255,2105250396,Mackenzie St & Strathmoor St,MURDER / NON-NEGLIGENT MANSLAUGHTER (VOLUNTARY),HOMICIDE,0901,09001,MURDER / NON-NEGLIGENT MANSLAUGHTER (VOLUNTARY),2021/05/26 07:23:00+00,03:23:00,3,3,2021,0207,02,261635355002003,Joy-Schaefer,7,48228,-83.1859142898081,42.3560130653687,402343
-82.9857831579999,42.4264831610001,3634941,2105270342,E McNichols Rd & Pelkey St,MURDER / NON-NEGLIGENT MANSLAUGHTER (VOLUNTARY),HOMICIDE,0901,09001,MURDER / NON-NEGLIGENT MANSLAUGHTER (VOLUNTARY),2021/05/28 03:57:00+00,23:57:00,4,23,2021,0909,09,261635054002001,Gratiot-Findlay,4,48205,-82.985783157983,42.4264831611531,402434
-83.038741626,42.428677228,3635559,2105290205,Mount Elliott St & Stockton St,MURDER / NON-NEGLIGENT MANSLAUGHTER (VOLUNTARY),HOMICIDE,0901,09001,MURDER / NON-NEGLIGENT MANSLAUGHTER (VOLUNTARY),2021/05/30 00:30:00+00,20:30:00,6,20,2021,1109,11,261635065001010,Grant,3,48234,-83.0387416263104,42.4286772277721,402523
-83.0178884539999,42.340299783,3641174,2106110178, & McDougall,MURDER / NON-NEGLIGENT MANSLAUGHTER (VOLUNTARY),HOMICIDE,0901,09001,MURDER / NON-NEGLIGENT MANSLAUGHTER (VOLUNTARY),2021/06/11 20:32:00+00,16:32:00,5,16,2021,0710,07,261635166002023,Elmwood Park,5,48207,-83.017888454464,42.3402997825786,403268
-83.12034211,42.3311200950001,3641237,2106110237,Livernois Ave & Michigan Ave,MURDER / NON-NEGLIGENT MANSLAUGHTER (VOLUNTARY),HOMICIDE,0901,09001,MURDER / NON-NEGLIGENT MANSLAUGHTER (VOLUNTARY),2021/06/11 10:10:00+00,06:10:00,5,6,2021,0405,04,261635258002020,Claytown,6,48210,-83.1203421099324,42.3311200947336,403277
-82.988997222,42.355386981,3641887,2106130169,E Jefferson Ave & Fischer Ave,MURDER / NON-NEGLIGENT MANSLAUGHTER (VOLUNTARY),HOMICIDE,0901,09001,MURDER / NON-NEGLIGENT MANSLAUGHTER (VOLUNTARY),2021/06/13 21:09:00+00,17:09:00,7,17,2021,0711,07,261635157001001,Gold Coast,5,48214,-82.9889972223948,42.3553869810091,403397
-83.1937893159999,42.387194294,3644325,2106200062,Schoolcraft St & Coyle St,MURDER / NON-NEGLIGENT MANSLAUGHTER (VOLUNTARY),HOMICIDE,0901,09001,MURDER / NON-NEGLIGENT MANSLAUGHTER (VOLUNTARY),2021/06/20 11:33:00+00,07:33:00,7,7,2021,0202,02,261635373002001,Schoolcraft Southfield,1,48227,-83.1937893158724,42.3871942937387,403806
-83.088222371,42.367792998,3645972,2106240320,Poe St & W Bethune St,MURDER / NON-NEGLIGENT MANSLAUGHTER (VOLUNTARY),HOMICIDE,0901,09001,MURDER / NON-NEGLIGENT MANSLAUGHTER (VOLUNTARY),2021/06/25 05:35:00+00,01:35:00,5,1,2021,1008,10,261635326003008,Henry Ford,5,48206,-83.088222370858,42.3677929977616,404047
-83.057881487,42.3322742350001,3647180,2106280349,Bagley St & 3rd St,MURDER / NON-NEGLIGENT MANSLAUGHTER (VOLUNTARY),HOMICIDE,0901,09001,MURDER / NON-NEGLIGENT MANSLAUGHTER (VOLUNTARY),2021/06/29 05:40:00+00,01:40:00,2,1,2021,0311,03,261635207001066,Downtown,6,48226,-83.0578814872374,42.3322742352429,404238
-83.170020742,42.414673598,3648454,2107020161,Meyers Rd & James Couzens Fwy,MURDER / NON-NEGLIGENT MANSLAUGHTER (VOLUNTARY),HOMICIDE,0901,09001,MURDER / NON-NEGLIGENT MANSLAUGHTER (VOLUNTARY),2021/07/02 21:25:00+00,17:25:00,5,17,2021,1210,12,261635362002010,Fitzgerald/Marygrove,2,48235,-83.1700207420347,42.4146735978764,404452
-83.229243663,42.43347219,3648613,2107020282,Vassar Ave & Sunderland Rd,MURDER / NON-NEGLIGENT MANSLAUGHTER (VOLUNTARY),HOMICIDE,0901,09001,MURDER / NON-NEGLIGENT MANSLAUGHTER (VOLUNTARY),2021/07/03 03:00:00+00,23:00:00,5,23,2021,0803,08,261635407004009,O'Hair Park,1,48219,-83.229243662848,42.4334721898655,404477
-83.095773546,42.386962318,3649060,2107040092,Hamilton Ave & Collingwood St,MURDER / NON-NEGLIGENT MANSLAUGHTER (VOLUNTARY),HOMICIDE,0901,09001,MURDER / NON-NEGLIGENT MANSLAUGHTER (VOLUNTARY),2021/07/04 13:20:00+00,09:20:00,7,9,2021,1005,10,261635322001011,Gateway Community,5,48202,-83.0957735461924,42.386962317653,404565
-83.143750645,42.2908079640001,3649279,2107050034,Denmark St & Oakwood Blvd,MURDER / NON-NEGLIGENT MANSLAUGHTER (VOLUNTARY),HOMICIDE,0901,09001,MURDER / NON-NEGLIGENT MANSLAUGHTER (VOLUNTARY),2021/07/05 09:09:00+00,05:09:00,1,5,2021,0411,04,261635245001003,Oakwood Heights,6,48217,-83.143750644681,42.2908079638872,404589
-83.141939424,42.4171502190001,3650274,2107070144,W McNichols Rd & Stoepel St,MURDER / NON-NEGLIGENT MANSLAUGHTER (VOLUNTARY),HOMICIDE,0901,09001,MURDER / NON-NEGLIGENT MANSLAUGHTER (VOLUNTARY),2021/07/07 20:30:00+00,16:30:00,3,16,2021,1208,12,261635385002008,Bagley,2,48221,-83.1419394238648,42.4171502193896,404751
-83.283738066,42.416723662,3650341,2107070375,Santa Maria St & Winston St,MURDER / NON-NEGLIGENT MANSLAUGHTER (VOLUNTARY),HOMICIDE,0901,09001,MURDER / NON-NEGLIGENT MANSLAUGHTER (VOLUNTARY),2021/07/08 07:24:00+00,03:24:00,4,3,2021,0805,08,261635413001005,The Eye,1,48219,-83.2837380660282,42.4167236619183,404767
-83.102378152,42.3743420060001,3650633,2107080238,Taylor St & 14th St,MURDER / NON-NEGLIGENT MANSLAUGHTER (VOLUNTARY),HOMICIDE,0901,09001,MURDER / NON-NEGLIGENT MANSLAUGHTER (VOLUNTARY),2021/07/09 01:15:00+00,21:15:00,4,21,2021,1007,10,261635331002001,North LaSalle,5,48206,-83.1023781515466,42.3743420057786,404823
-82.941477259,42.422645518,3651351,2107100298,Morang Dr & McKinney Ave,MURDER / NON-NEGLIGENT MANSLAUGHTER (VOLUNTARY),HOMICIDE,0901,09001,MURDER / NON-NEGLIGENT MANSLAUGHTER (VOLUNTARY),2021/07/11 05:23:00+00,01:23:00,7,1,2021,0907,09,261635009002000,Yorkshire Woods,4,48224,-82.9414772585159,42.4226455177714,404950
-83.2132328659999,42.372315078,3652402,2107140031,Rutland St & Plymouth Rd,MURDER / NON-NEGLIGENT MANSLAUGHTER (VOLUNTARY),HOMICIDE,0901,09001,MURDER / NON-NEGLIGENT MANSLAUGHTER (VOLUNTARY),2021/07/14 09:37:00+00,05:37:00,3,5,2021,0608,06,261635452004009,Joy Community,7,48227,-83.2132328658912,42.3723150777935,405131
-83.0728599669999,42.4318335350001,3653785,2107180046,Joseph Campau St & Conant St,MURDER / NON-NEGLIGENT MANSLAUGHTER (VOLUNTARY),HOMICIDE,0901,09001,MURDER / NON-NEGLIGENT MANSLAUGHTER (VOLUNTARY),2021/07/18 10:44:00+00,06:44:00,7,6,2021,1107,11,261635071001000,Northeast Central District,3,48234,-83.0728599673506,42.431833534947,405355
-83.273824226,42.4231545320001,3662120,2108100233,Grand River Ave & Appleton St,MURDER / NON-NEGLIGENT MANSLAUGHTER (VOLUNTARY),HOMICIDE,0901,09001,MURDER / NON-NEGLIGENT MANSLAUGHTER (VOLUNTARY),2021/08/11 00:17:00+00,20:17:00,2,20,2021,0805,08,261635414001006,Oak Grove,1,48219,-83.2738242259515,42.4231545320938,406772
-82.99250771,42.38401243,3662918,2108120281,Saint Clair St & E Warren Ave,MURDER / NON-NEGLIGENT MANSLAUGHTER (VOLUNTARY),HOMICIDE,0901,09001,MURDER / NON-NEGLIGENT MANSLAUGHTER (VOLUNTARY),2021/08/13 02:19:00+00,22:19:00,4,22,2021,0501,05,261635141002003,West End,4,48214,-82.9925077103742,42.3840124301005,406918
-82.986816011,42.4185317320001,3670473,2109010354,August St & Park Dr,MURDER / NON-NEGLIGENT MANSLAUGHTER (VOLUNTARY),HOMICIDE,0901,09001,MURDER / NON-NEGLIGENT MANSLAUGHTER (VOLUNTARY),2021/09/02 03:56:00+00,23:56:00,3,23,2021,0909,09,261635039002002,Eden Gardens,4,48205,-82.9868160106747,42.4185317321597,408084
-83.1584632299999,42.3712979700001,3671691,2109040280,Elmira St & Wyoming St,MURDER / NON-NEGLIGENT MANSLAUGHTER (VOLUNTARY),HOMICIDE,0901,09001,MURDER / NON-NEGLIGENT MANSLAUGHTER (VOLUNTARY),2021/09/05 05:05:00+00,01:05:00,7,1,2021,0208,02,261635344001004,Barton-McFarland,7,48204,-83.1584632302282,42.3712979702651,408307
-83.216908437,42.379710049,3672255,2109060235,Southfield Service Drive & Fullerton St,MURDER / NON-NEGLIGENT MANSLAUGHTER (VOLUNTARY),HOMICIDE,0901,09001,MURDER / NON-NEGLIGENT MANSLAUGHTER (VOLUNTARY),2021/09/06 22:58:00+00,18:58:00,1,18,2021,0605,06,261635426003013,Schoolcraft Southfield,1,48223,-83.2169084373222,42.3797100494912,408392
-83.241384844,42.376342611,3673650,2109100003,Fielding St & Capitol St,MURDER / NON-NEGLIGENT MANSLAUGHTER (VOLUNTARY),HOMICIDE,0901,09001,MURDER / NON-NEGLIGENT MANSLAUGHTER (VOLUNTARY),2021/09/10 08:31:00+00,04:31:00,5,4,2021,0603,06,261635464001003,Weatherby,7,48228,-83.2413848440692,42.3763426105344,408563
-82.993936498,42.44198149,3673929,2109100313,Goulburn St & E State Fair St,MURDER / NON-NEGLIGENT MANSLAUGHTER (VOLUNTARY),HOMICIDE,0901,09001,MURDER / NON-NEGLIGENT MANSLAUGHTER (VOLUNTARY),2021/09/11 02:28:00+00,22:28:00,5,22,2021,0901,09,261635032001016,Conner Creek,3,48205,-82.9939364982369,42.4419814897933,408605
-83.2099873339999,42.3821765690001,3674540,2109120116,Glendale St & Grandmont Ave,MURDER / NON-NEGLIGENT MANSLAUGHTER (VOLUNTARY),HOMICIDE,0901,09001,MURDER / NON-NEGLIGENT MANSLAUGHTER (VOLUNTARY),2021/09/11 20:00:00+00,16:00:00,6,16,2021,0605,06,261635426003003,Schoolcraft Southfield,1,48227,-83.209987334431,42.3821765690582,408700
-83.052467386,42.358863629,3677561,2109200055,N I 75 Service Drive & E Forest Ave,MURDER / NON-NEGLIGENT MANSLAUGHTER (VOLUNTARY),HOMICIDE,0901,09001,MURDER / NON-NEGLIGENT MANSLAUGHTER (VOLUNTARY),2021/09/20 12:10:00+00,08:10:00,1,8,2021,0706,07,261635189001015,Forest Park,5,48207,-83.0524673864238,42.3588636285954,409193
-82.993483262,42.411360125,3678892,2109230242,Bradford Ave & Wilfred St,MURDER / NON-NEGLIGENT MANSLAUGHTER (VOLUNTARY),HOMICIDE,0901,09001,MURDER / NON-NEGLIGENT MANSLAUGHTER (VOLUNTARY),2021/09/24 00:48:00+00,20:48:00,4,20,2021,0909,09,261635054004016,Gratiot-Findlay,4,48213,-82.9934832616057,42.4113601246011,409392
-83.199244226,42.4141733650001,3684767,2110090042,Greenfield Rd & Grove St,MURDER / NON-NEGLIGENT MANSLAUGHTER (VOLUNTARY),HOMICIDE,0901,09001,MURDER / NON-NEGLIGENT MANSLAUGHTER (VOLUNTARY),2021/10/09 10:15:00+00,06:15:00,6,6,2021,0201,02,261635376003007,Hubbell-Puritan,1,48235,-83.1992442261959,42.4141733646858,410281
-83.134443491,42.331101419,3690362,2110230062,Tarnow St & Michigan Ave,MURDER / NON-NEGLIGENT MANSLAUGHTER (VOLUNTARY),HOMICIDE,0901,09001,MURDER / NON-NEGLIGENT MANSLAUGHTER (VOLUNTARY),2021/10/23 13:50:00+00,09:50:00,6,9,2021,0405,04,261635258001011,Claytown,6,48210,-83.1344434912537,42.3311014190096,411167
-83.0223622,42.3672656150001,3690693,2110240077,Beaufait St & Gratiot Ave,MURDER / NON-NEGLIGENT MANSLAUGHTER (VOLUNTARY),HOMICIDE,0901,09001,MURDER / NON-NEGLIGENT MANSLAUGHTER (VOLUNTARY),2021/10/24 13:18:00+00,09:18:00,7,9,2021,0707,07,261635162002006,Gratiot-Grand,5,48207,-83.0223621997521,42.3672656149601,411208
-83.227472048,42.426710003,3691335,2110260020,Margareta St & Stahelin Ave,MURDER / NON-NEGLIGENT MANSLAUGHTER (VOLUNTARY),HOMICIDE,0901,09001,MURDER / NON-NEGLIGENT MANSLAUGHTER (VOLUNTARY),2021/10/26 09:33:00+00,05:33:00,2,5,2021,0807,08,261635405004009,Evergreen-Outer Drive,1,48219,-83.2274720475946,42.42671000315,411307
-82.9486469299999,42.427862916,3693007,2110300067,Wayburn St & Casino St,MURDER / NON-NEGLIGENT MANSLAUGHTER (VOLUNTARY),HOMICIDE,0901,09001,MURDER / NON-NEGLIGENT MANSLAUGHTER (VOLUNTARY),2021/10/30 11:20:00+00,07:20:00,6,7,2021,0907,09,261635007003009,Moross-Morang,4,48224,-82.948646930474,42.4278629155945,411532
-82.9976538619999,42.4436988300001,3695431,2111050197,Fairmount Dr & Hamburg St,MURDER / NON-NEGLIGENT MANSLAUGHTER (VOLUNTARY),HOMICIDE,0901,09001,MURDER / NON-NEGLIGENT MANSLAUGHTER (VOLUNTARY),2021/11/05 21:31:00+00,17:31:00,5,17,2021,0901,09,261635032002014,Conner Creek,3,48205,-82.9976538620953,42.443698829623,411911
-83.071658175,42.419959701,3698835,2111140279,Jerome St & Mitchell St,MURDER / NON-NEGLIGENT MANSLAUGHTER (VOLUNTARY),HOMICIDE,0901,09001,MURDER / NON-NEGLIGENT MANSLAUGHTER (VOLUNTARY),2021/11/15 04:22:00+00,23:22:00,7,23,2021,1107,11,261635072002015,Cadillac Heights,3,48212,-83.0716581748172,42.4199597013485,412423
-83.251106829,42.3813315410001,3699256,2111160028,Glendale St & Bentler St,MURDER / NON-NEGLIGENT MANSLAUGHTER (VOLUNTARY),HOMICIDE,0901,09001,MURDER / NON-NEGLIGENT MANSLAUGHTER (VOLUNTARY),2021/11/16 13:57:00+00,08:57:00,2,8,2021,0603,06,261635439001015,Brightmoor,1,48223,-83.2511068286594,42.3813315410512,412495
-83.238870678,42.42958021,3699265,2111160052,Evergreen Rd & W 7 Mile Rd,MURDER / NON-NEGLIGENT MANSLAUGHTER (VOLUNTARY),HOMICIDE,0901,09001,MURDER / NON-NEGLIGENT MANSLAUGHTER (VOLUNTARY),2021/11/16 15:30:00+00,10:30:00,2,10,2021,0802,08,261635407003010,O'Hair Park,1,48219,-83.2388706783937,42.4295802102733,412500
-83.129789616,42.312836679,3705485,2112030160,Pitt St & Inglis St,MURDER / NON-NEGLIGENT MANSLAUGHTER (VOLUNTARY),HOMICIDE,0901,09001,MURDER / NON-NEGLIGENT MANSLAUGHTER (VOLUNTARY),2021/12/03 20:30:00+00,15:30:00,5,15,2021,0407,04,261635241002003,Springwells,6,48209,-83.1297896156013,42.3128366790737,413419
-82.997828081,42.391778081,3706343,2112050307,E I 94 Service Drive & Saint Clair St,MURDER / NON-NEGLIGENT MANSLAUGHTER (VOLUNTARY),HOMICIDE,0901,09001,MURDER / NON-NEGLIGENT MANSLAUGHTER (VOLUNTARY),2021/12/06 06:34:00+00,01:34:00,1,1,2021,0501,05,261635143002003,West End,4,48213,-82.997828080779,42.3917780812543,413555
-83.162586126,42.25910499,3709303,2112130218,S Beatrice St & Salliotte St,MURDER / NON-NEGLIGENT MANSLAUGHTER (VOLUNTARY),HOMICIDE,0901,09001,MURDER / NON-NEGLIGENT MANSLAUGHTER (VOLUNTARY),2021/12/13 23:37:00+00,18:37:00,1,18,2021,0415,04,261635248003005,Boynton,6,48217,-83.1625861264375,42.259104990148,413999
-83.133392425,42.372892366,3709720,2112140237,Collingwood St & Yosemite St,MURDER / NON-NEGLIGENT MANSLAUGHTER (VOLUNTARY),HOMICIDE,0901,09001,MURDER / NON-NEGLIGENT MANSLAUGHTER (VOLUNTARY),2021/12/15 00:10:00+00,19:10:00,2,19,2021,1004,10,261635308003008,Nardin Park,7,48204,-83.1333924247458,42.372892365997,414060
-82.940076225,42.4044145720001,3710266,2112160039,Courville St & Frankfort St,MURDER / NON-NEGLIGENT MANSLAUGHTER (VOLUNTARY),HOMICIDE,0901,09001,MURDER / NON-NEGLIGENT MANSLAUGHTER (VOLUNTARY),2021/12/16 13:22:00+00,08:22:00,4,8,2021,0504,05,261635014003010,Morningside,4,48224,-82.9400762251617,42.4044145720687,414134
-83.080707117,42.4126491530001,3711570,2112190221,Victor St & Orleans St,MURDER / NON-NEGLIGENT MANSLAUGHTER (VOLUNTARY),HOMICIDE,0901,09001,MURDER / NON-NEGLIGENT MANSLAUGHTER (VOLUNTARY),2021/12/20 01:55:00+00,20:55:00,7,20,2021,1110,11,261635104002016,North Campau,3,48203,-83.0807071172633,42.4126491530314,414365
-82.9487536829999,42.447514997,3714508,2112250114,Shakespeare St & Edmore Dr,MURDER / NON-NEGLIGENT MANSLAUGHTER (VOLUNTARY),HOMICIDE,0901,09001,MURDER / NON-NEGLIGENT MANSLAUGHTER (VOLUNTARY),2021/12/25 22:28:00+00,17:28:00,6,17,2021,0903,09,261635001001011,Regent Park,3,48205,-82.9487536828434,42.4475149968271,414644
-83.143504768,42.427990375,3715427,2112280296,Santa Rosa Dr & Margareta St,MURDER / NON-NEGLIGENT MANSLAUGHTER (VOLUNTARY),HOMICIDE,0901,09001,MURDER / NON-NEGLIGENT MANSLAUGHTER (VOLUNTARY),2021/12/29 06:20:00+00,01:20:00,3,1,2021,1208,12,261635386001008,Bagley,2,48221,-83.1435047678932,42.4279903747013,414787
-83.179470673,42.4093690120001,3716088,2112300266,Puritan St & Schaefer Hwy,MURDER / NON-NEGLIGENT MANSLAUGHTER (VOLUNTARY),HOMICIDE,0901,09001,MURDER / NON-NEGLIGENT MANSLAUGHTER (VOLUNTARY),2021/12/31 06:20:00+00,01:20:00,5,1,2021,0201,02,261635369001006,Harmony Village,2,48235,-83.1794706732189,42.4093690123304,414907
